frame,error_m,n_matches,mean_confidence,mean_pixel_uncertainty_px,rotation_std_x_rad,rotation_std_y_rad,rotation_std_z_rad,translation_std_x_m,translation_std_y_m,translation_std_z_m,rotation_std_total_rad,translation_std_total_m
1305031526.671473.png,0.14223465820456146,40,0.9810388755632268,0.8762494255092672,0.0012506846317432388,0.00132528595801203,0.0008418876920176786,0.0038969409418038873,0.0034843918307060824,0.002163385459470383,0.002007329022495674,0.005657505791428458
1305031526.707547.png,0.13237594136064157,49,0.9759898533947533,0.8544815078483239,0.0010939411219268755,0.0012028212622385832,0.0008458575904884835,0.0037083994910273367,0.0031742277773659155,0.0022404180092163344,0.0018327469084744987,0.005370979577663096
1305031526.739478.png,0.13269863114994476,36,0.9926740781220883,0.8315387995248792,0.001269047278500447,0.0015254453653811254,0.0009938209995099753,0.004691783105244189,0.003661312537437857,0.0024561373308690793,0.002219266711528642,0.006438217827282883
1305031526.771481.png,0.11799986519672688,29,0.9772079611146914,0.9379114484041315,0.001401804821495121,0.0015894655994212073,0.0011417295912496646,0.005024367932840744,0.004217103996278391,0.003323288973815186,0.002407281476862544,0.007353399815287289
1305031526.807455.png,0.12650967636636162,28,0.9559743488289841,0.9520197161844353,0.0025839341910357514,0.002976089528054135,0.0012276279421610645,0.009091516710375301,0.006790463665794325,0.0028539390511001283,0.0041280619117173714,0.011700899153436908
1305031526.839480.png,0.11955317238394735,45,0.9683370585397765,0.9036445387343951,0.001225881368063282,0.0010108072005888208,0.0008054422863952906,0.003427214735949655,0.0039053204703402614,0.0025066537985801705,0.0017813628496296272,0.005768937691491003
1305031526.871446.png,0.11945824715718703,36,0.9632406425856672,0.9099231415182136,0.0013808015849403187,0.0013758773830762124,0.0010419375458053744,0.004623857597726295,0.004327534975023321,0.002809823535349738,0.0022102681827310617,0.006928399984405243
1305031526.907484.png,0.11571102436947237,39,0.956631920670026,0.8966986454188606,0.0012934221397803787,0.000929482636984307,0.0009165611861422237,0.003520943450044747,0.004534250420087504,0.0031834220372368945,0.0018376515480557772,0.006564346541556304
1305031526.939618.png,0.11987638628238065,41,0.9759338523342815,0.9011031653223861,0.001431077204459139,0.0008994334660345009,0.0009691268177799415,0.0032659448378112594,0.004927527019475589,0.003688894489379773,0.0019483760709590168,0.0069681317987724985
1305031526.971510.png,0.12416616940907096,42,0.962636556325769,0.9018740939312786,0.0010878052012716882,0.0008901731142579104,0.0008535452619247814,0.003393931441609597,0.003791490392056405,0.0025276413961130306,0.0016444658231217846,0.005681825503370062
1305031527.007595.png,0.124886603589631,43,0.926851144730185,0.9592085338514499,0.000957935284556112,0.0008529064796450492,0.0008381974637219663,0.0034522900845151915,0.0035233489778169736,0.00245864057018349,0.0015322090133555691,0.005511552258708795
1305031527.039512.png,0.11748032499686037,37,0.9406051265831717,0.9228668645486937,0.001143214413339391,0.0008855584226590864,0.00083474922242958,0.0037386707520494847,0.0042846804931756174,0.0026520170845747387,0.001669718293352554,0.0062744992260503315
1305031527.071487.png,0.1343086838846171,39,0.9541314127173296,0.8750717394687201,0.0015095158869020714,0.001649102476571632,0.0009689286999931774,0.007842295823231116,0.00661698695657457,0.00387146600915738,0.0024365959896369576,0.010966967184349882
1305031527.107498.png,0.14268387374946687,26,0.9722985207575434,0.9159636985839974,0.0017248628736068702,0.0018097628147789799,0.0013066576997245811,0.008676019799561318,0.00753054210135554,0.004181484884566282,0.0028209480184423143,0.012225677884785147
1305031527.139473.png,0.12003501233686284,26,0.9667467784666558,0.8818796609550643,0.0015948365431844578,0.0012482419308847074,0.001281666569143684,0.0058169294826983095,0.006671758764363297,0.00419994986359078,0.002396722910967364,0.009797377836606053
1305031527.171540.png,0.13713985667857312,11,0.9941033740092385,0.861108227579765,0.0029594003253700977,0.002593462712705462,0.002284082284398942,0.013219714527744198,0.015145800561535526,0.0120053427469062,0.00454984955904031,0.023415473117482682
1305031527.207588.png,0.13764513235189813,10,0.9928081962782926,0.8286258642103057,0.003450748147370001,0.0023291046686094263,0.002552798596159692,0.010249036818924591,0.01349951429866363,0.008666281069568436,0.004883561406030502,0.019036388039548255
1305031527.239531.png,0.14345587340801316,22,0.9529986894012873,0.8954638089473257,0.0013749799165376606,0.0013078332335211434,0.0014879428844217217,0.006004624629843757,0.005941493647530889,0.004500464748964949,0.0024114252144500593,0.00957136597699891
1305031527.271501.png,0.1408392720910067,28,0.9600629094419707,0.8906083202946738,0.001679952994451662,0.0015215692551847953,0.00120558342067345,0.007333623421409709,0.007326076846197154,0.003969118463669199,0.002567264389597109,0.01109987999133661
1305031527.307472.png,0.134703017829539,33,0.986149129089823,0.8179956984188091,0.0010408210808584579,0.000858662007781587,0.000980156376664772,0.003760923995691001,0.0041458208507415654,0.003091775461658804,0.0016677276422376313,0.006394642705665688
1305031527.339636.png,0.1443170717701734,30,0.9445713688130818,0.9186044230290642,0.0014182546721706424,0.0012954432147267404,0.0010536171822863752,0.004928220952617586,0.004927086581463412,0.0032341758348193935,0.0021908282918851694,0.007682671232688896
1305031527.539741.png,0.13410511092046148,28,0.9800719129056227,0.9205261925779286,0.0015483682904986215,0.0014255761089823121,0.0011962079622114216,0.0052849840583842865,0.005488330988426247,0.004013439648199072,0.0024208727959933738,0.008611650907092795
1305031527.671547.png,0.12539384294176734,45,0.9928360411480129,0.8342223678221165,0.0009434227718413251,0.0008988740097240165,0.0007521672243362934,0.0030367394686570456,0.003023871191541619,0.002264199328413194,0.001504585173777764,0.0048468734440174485
1305031527.707520.png,0.12225358877607581,43,0.9736586582682901,0.8853024284318822,0.0011803266829540579,0.0010482403659086992,0.0008221640717959612,0.003406443116593105,0.0036100948829068612,0.0023738885546321737,0.0017798687322850095,0.0055019984223905844
1305031527.739511.png,0.11676569411646495,40,0.9640413341481242,0.8652672092350304,0.0010256037358703776,0.0009451811290683404,0.000783493791991129,0.0032154997422879925,0.0033059579024375995,0.002489952231364264,0.0015997165098437962,0.005241055080784749
1305031527.771461.png,0.11217194852734459,37,0.9777212853953937,0.8461317024202102,0.0010911700769674745,0.001081351352235904,0.0007905301509375654,0.003413283086922715,0.003241948881506774,0.002303625486723854,0.0017276894406672144,0.005240937355555721
1305031527.807581.png,0.11483116155822365,39,0.9764612014254346,0.8799258779751264,0.0012132113753308756,0.0015126148779707914,0.0009389202390995442,0.004649350766615314,0.003552962337803405,0.002362306368317851,0.0021544040534870823,0.006310348271107619
1305031527.839601.png,0.11404333201978265,35,0.9735049177344641,0.8932685259866702,0.0012469506799807478,0.0013966611620258192,0.0009043434581799732,0.004411780160630259,0.0037247909384084616,0.002671620346278359,0.0020792752319422924,0.006362030100151133
1305031527.871464.png,0.12716855216640777,44,0.9839268517557287,0.8679535933437393,0.0013936625748753471,0.0014950391712064228,0.0008957841615433271,0.004622673203195534,0.004088427724997513,0.002407621813171299,0.002231561507133884,0.0066242729111449395
1305031527.907477.png,0.10540527974356215,36,0.9651342331886867,0.9139474834209624,0.0013226890917267678,0.0015498862088729188,0.0010434132715989874,0.004851889642286229,0.003945809093192363,0.002951168295716044,0.0022891843414579688,0.006915174387568506
1305031527.939566.png,0.11434341385926416,40,0.9852185848580908,0.8700097082253582,0.0017618182669286036,0.0016432557281216217,0.00102019725935205,0.004817262849746526,0.004936584094708712,0.0027554753124021674,0.002616313330179943,0.007427551957740644
1305031527.971502.png,0.1105093879795527,33,0.9550880607290237,0.9005441340152004,0.0017176579708865092,0.0018170920169028341,0.0010604809778975903,0.005527017183305093,0.004956066089883464,0.003015747660545401,0.00271602507487037,0.008012817481006764
1305031528.007566.png,0.10392738132360949,35,0.9703420165571183,0.8869264205154359,0.001425440105323446,0.0014756841832934324,0.0011692290479570172,0.004314123028061433,0.00412197758041269,0.0034555523872595926,0.002361486792102254,0.00689515764691209
1305031528.039560.png,0.09391571652378036,38,0.9102622260950191,0.9604436697300225,0.0015859499853095407,0.0015306717073161784,0.0016097006943452349,0.004989105765264682,0.005187762557442532,0.004857219505492431,0.0027293459943468303,0.008683123747473378
1305031528.071546.png,0.0898450846064223,30,0.9608237970985622,0.9004943658801854,0.0017467308208518476,0.0015098689332753588,0.0013272409470863405,0.00453155037911504,0.0051622981025527355,0.0038992680119436214,0.0026631449993957303,0.007898643020610819
1305031528.107513.png,0.0835641343995186,36,0.9641764090502254,0.8959324890348247,0.001495928585194511,0.001522097428178501,0.0013875740731018494,0.004772367553396287,0.004681533586345401,0.004097907099674152,0.0025455735544694276,0.007841242974321705
1305031528.139513.png,0.07074296405604441,35,0.9674548085508968,0.8952134443876059,0.0015521204150938381,0.0015587032380561957,0.001202508233049278,0.004685817650196036,0.004618280055468216,0.0037295176478738495,0.002506922339808163,0.007562717739505204
1305031528.171523.png,0.06859317303985771,29,0.9859206767042918,0.8898436324339158,0.001700636059289276,0.0014168108857019939,0.0013005644071978192,0.004401621488813877,0.0051311468246829865,0.004233062573916871,0.0025672911539730823,0.007976324856845922
1305031528.207527.png,0.0660832958209046,33,0.984837499885327,0.8912462249293238,0.001278551843404042,0.00124176326936614,0.0010865962081749198,0.003961406498586312,0.003938620000136868,0.003411778435642463,0.0020874295564255268,0.0065456627660180405
1305031528.239493.png,0.04589434372364238,29,0.9813794302423121,0.8846846654227176,0.001893119229979809,0.0016831962397028109,0.0011773852998371072,0.005317027999609369,0.005796227098602352,0.004800454039485911,0.0027934362610486647,0.009214737886256931
1305031528.275450.png,0.05751894173517324,40,0.9786915971854263,0.8477503148338432,0.0012451835427529701,0.0011478946300519262,0.000933019967697145,0.0036518708643724224,0.003840296564669981,0.003024817646302931,0.0019335641693428401,0.006101930867197189
1305031528.307665.png,0.07147310657657704,35,0.9289808218529725,0.9145003061936852,0.0016016220679455863,0.0016642178946188117,0.0012367536852553366,0.005281267218455505,0.0048688786650004385,0.00304239328734186,0.0026199950624557333,0.007800892243973891
1305031528.339593.png,0.059634184500510314,32,0.977888403049469,0.8648691403284805,0.001595348903265731,0.0016679671645112217,0.0011081112432226,0.005730739817849446,0.005306983751172474,0.0031240708648525646,0.0025603052771876857,0.008412209826419834
1305031528.375435.png,0.06131490378093658,32,0.9697811913268203,0.9203300486681896,0.0011271984187393048,0.0013179250551960272,0.001244209133882023,0.004933079974286564,0.004293842984660477,0.004063731513807589,0.0021343755750001673,0.00769975840049141
1305031528.407459.png,0.054435181558402455,30,0.9722685940273088,0.892981321634177,0.0011188652050751209,0.0013769135326605752,0.0014135734691044523,0.004987703992178269,0.004108058753905329,0.004276183723016815,0.0022684664811514436,0.007748489212235066
1305031528.439469.png,0.05797235520220736,29,0.9835977236702946,0.8354322146610238,0.0008326813970305617,0.001174822718747113,0.0015495984892048553,0.004460952372829448,0.0034545390331143498,0.004986790016430604,0.0021153775566529714,0.007530073749435343
1305031528.475342.png,0.04546382622248674,32,0.9710515985096262,0.8779324490897913,0.0009680303075790414,0.001411927567032264,0.0015828107532990033,0.005460868028360013,0.0038686792549333005,0.004692611406761366,0.0023315042379751703,0.008173638150516742
1305031528.507469.png,0.04545757035724312,14,0.9972862762103955,0.7229784862884987,0.0017237607200094487,0.0025281624794525124,0.004628356386362456,0.010775454106000304,0.008387965323423407,0.01838741567888669,0.005548390701955036,0.022903393390623156
1305031528.539626.png,0.022707268566979428,19,0.962398395137917,0.8896634637994826,0.0014573939952471679,0.0018500104679937263,0.0022512212128980454,0.007654261607910131,0.005860717587055774,0.00862198910639078,0.0032579952330338076,0.012933461545474713
1305031528.575449.png,0.027133558370889096,15,0.9632083999049432,0.8645814392871909,0.0018163129066375823,0.0021490378264516735,0.001897769726397851,0.009344717236564546,0.007090034245908465,0.006605935740435079,0.003393948451106848,0.01346219569187207
1305031528.607841.png,0.03162205656245318,11,0.9890763118659219,0.8469250149050872,0.001520186820365419,0.0018359812944240047,0.0017243686918080447,0.008149094394697536,0.006443471634372432,0.006034227264856447,0.00294197937918935,0.012014073615580599
1305031528.639487.png,0.024288959533932744,10,0.9525426448233848,0.8824946409228543,0.0017562377186992972,0.0018313762235249594,0.0017703688090085436,0.008687025183512442,0.0067341740435034395,0.007675977599557842,0.0030939482084522654,0.013406496137920923
1305031528.675460.png,0.04449651392323195,11,0.9937304797503451,0.891675322564689,0.0024300016098627855,0.0019938839224158122,0.0022211047315723897,0.009296789167872518,0.010686134913976183,0.006462234357500266,0.0038488682945272694,0.015568694265185805
1305031528.707447.png,0.019237653685768234,11,0.9936125951894659,0.794878172795017,0.00262521993457854,0.0029679392542952395,0.001297192521157495,0.013558678041413533,0.010392435445862866,0.0039574085843210064,0.004169310681520637,0.017535722039037745
1305031528.739609.png,0.026291321496518676,13,0.9470550814980405,0.8705732355231096,0.0023001197215657327,0.0020911523323418084,0.0016307928715383986,0.010013984657319754,0.009864223091969746,0.004784876955967762,0.0035104065577158815,0.014848495998212611
1305031528.775443.png,0.045934863169232974,21,0.9888936146417371,0.9103385566307848,0.0018078356199871277,0.0014187421821101993,0.002587059792436163,0.006996255518765749,0.00817170326809456,0.010615015326580848,0.003460343534655612,0.015113003538979066
1305031528.807559.png,0.01686491310180325,30,0.9531107817938571,0.8994313121167129,0.0015018732147643952,0.001391329608065458,0.0017566960669690285,0.006249604039477199,0.00702222088769048,0.007864247892121486,0.0026976660844535176,0.012256244602426284
1305031528.839572.png,0.017500663158554808,26,0.9906736743109277,0.848145489330303,0.0011610634143420975,0.0010846097051462184,0.0012879397016321277,0.004941821434380728,0.0050620575707747105,0.004971393895271259,0.002045295856266606,0.008646431819027009
1305031528.875433.png,0.01415685095415709,27,0.9747671789277959,0.8069076795033268,0.0013000692149139005,0.001183492192248583,0.001488389696521238,0.0049368689291876865,0.0053497491354466695,0.005289239761506707,0.0023035055071327234,0.008998252490950378
1305031528.907519.png,0.01184024393641945,33,0.9795527923546644,0.8871027554361652,0.0015885771563600836,0.0014809972483062217,0.001592949240491207,0.005658856552212457,0.006145877262918745,0.00614622929907358,0.002693402590401443,0.010371624723550788
1305031528.939602.png,0.015415499791416177,40,0.9568111879795402,0.8859065039022062,0.0009809609753777067,0.0009869545472689927,0.0011714365093853751,0.004100218229907113,0.004049736030996698,0.003981293826633313,0.0018189632236826328,0.0070044879889685045
1305031528.975465.png,0.022064831760852367,32,0.9766254626625235,0.9172564665405879,0.0016226352193377752,0.0016261011714463832,0.0017067066793253539,0.0064697094563452495,0.006592249444390594,0.005446695784428529,0.0028618172136019495,0.01072293747788836
1305031529.007487.png,0.010877046425578204,36,0.9730624056548874,0.8564903171805021,0.0012934299697644305,0.0013086124302180801,0.0011241164931097105,0.004663980290897764,0.0046781418896951876,0.004277780531822203,0.0021561691652760826,0.00787001461068788
1305031529.039494.png,0.007226569101721998,44,0.9709656110097217,0.871115763224735,0.0011030297566610996,0.001021769648222984,0.0010276133390587805,0.0035289336136139324,0.0037902955414502227,0.0037722106343480236,0.0018211746299356087,0.006406971656775145
1305031529.075422.png,0.02185892518858971,34,0.940603248125028,0.933103085471203,0.0015405207476707466,0.001543645868825937,0.0014004359127689117,0.005223726870533248,0.005188056479346346,0.005314622716406622,0.002591769181103964,0.009080113824648014
1305031529.107523.png,0.021898211580982128,40,0.9811837280602219,0.8718199920640177,0.001115728703929629,0.0010841294113782662,0.0010004936262192072,0.0037422345862829815,0.003911398786352145,0.004092098445339428,0.0018496417538250843,0.00678591407630534
1305031529.139597.png,0.019607618881546995,36,0.9583330732391833,0.9027886681512118,0.0015202253090049085,0.0012976953435928252,0.0009401291346642902,0.004613116643550302,0.005187594623688583,0.003732127218712431,0.0022088324935961526,0.007881672203497028
1305031529.175411.png,0.00769419035499402,40,0.9810045852220675,0.8330971665634447,0.0011370615061118265,0.0010468133721382833,0.0009589775924099759,0.0037232054193688546,0.003976276922437351,0.0037994741664062687,0.001818891180778348,0.006641463746789112
1305031529.207466.png,0.026914467699197853,36,0.9892485172336651,0.8556425740996606,0.001498449090627575,0.00142263321227644,0.0009977398140604587,0.004441362459141151,0.004648516942002857,0.0033122514663831643,0.002294497694580665,0.007232248615065258
1305031529.239515.png,0.021148087229267,29,0.980770380756636,0.8684378562824122,0.0019193563663648576,0.001731800365984665,0.0012045026955472768,0.0051716756321335934,0.005677416251490933,0.004592670078972693,0.0028519972146393456,0.008948290484276245
1305031529.275389.png,0.03289516948275802,25,0.97239744056442,0.8913342323511451,0.002119819064700734,0.002051006892701902,0.001552096134350888,0.005768577815873116,0.006074585196084213,0.0057668787778285616,0.003333056337844648,0.010170249070717903
1305031529.307413.png,0.017672777985081503,27,0.9861426977361837,0.8616472133870178,0.002552247101048637,0.0024472099614476985,0.0014781701610539514,0.006603872002810586,0.006869237592787439,0.005753409563592164,0.0038324651185953776,0.011131004992457037
1305031529.339486.png,0.020859181876174332,14,0.9792040178018954,0.9446832797146566,0.005527819134505917,0.003926708146971565,0.0026322531374385373,0.010134581560455758,0.01339134118436427,0.006690247280915805,0.007273553315598754,0.018077532209938997
1305031529.375399.png,0.016461312762638815,28,0.953921954087767,0.8971707660629958,0.0036573635571391784,0.002408344792159604,0.0013623955509609314,0.006088394588043222,0.009297071528432,0.00488907405704023,0.0045861263026971,0.012141133917378505
1305031529.407513.png,0.02845539101039435,34,0.976116806380436,0.8940038209313736,0.0027169973438329487,0.0022463782174274973,0.001082293245197417,0.006031243102691762,0.007250746535916637,0.0039019832508700586,0.0036877701027488137,0.01020660041257345
1305031529.439502.png,0.02686655311749897,29,0.9801233902385682,0.9207551208567458,0.003468517815264547,0.0027388369457997663,0.0013644549127449807,0.007094645756063667,0.008803858653586613,0.005929576633497564,0.004625319541328929,0.012767216010112948
1305031529.475403.png,0.018058936902352888,36,0.9732935774113893,0.8375717739583393,0.0022267845586608453,0.0016377037410869432,0.0008797668379192777,0.004578158318883153,0.0058220799812982805,0.003396684133831807,0.0029007986319913746,0.008148227537717509
1305031529.507485.png,0.0331389642963012,30,0.9695379741453318,0.8700005401529538,0.0028534152160428145,0.0024206399193087186,0.0015581099917854613,0.005941530281267806,0.006929516791868988,0.004229279089017556,0.004053292829366918,0.01006015838169647
1305031529.539489.png,0.03679735510788377,31,0.9583066369262897,0.9405729794815783,0.0032887590232463246,0.002399791986034905,0.0011697907650056437,0.0066379286311662395,0.008671066304025211,0.004181653061912838,0.004235958914238187,0.011693404538091675
1305031529.575458.png,0.025706055459348464,39,0.9671667422430161,0.8975783156602936,0.0029935874397902535,0.0023821331670370667,0.0010969370750495678,0.006435786989229404,0.007775828468661102,0.003689963052445681,0.003979873758272529,0.010747031677313936
1305031529.607479.png,0.02131720179452712,42,0.9565573799397281,0.915707788765047,0.001725149693451774,0.0016492341671382623,0.0010410068750808298,0.004299406354460521,0.004412513262521335,0.003064861218495023,0.0026038068509085964,0.00688102772711584
1305031529.639746.png,0.02726226401520953,41,0.9371694457145684,0.906976051805344,0.0024757025784979455,0.0020464934625040237,0.0011877469066922245,0.005376293112911555,0.006316344872136437,0.0038713852913167734,0.0034246140605344176,0.009153598431957146
1305031529.675618.png,0.024835243719876617,55,0.9589758966871146,0.8509369972046501,0.002419205765199366,0.0016536235488569773,0.000815410308917866,0.0045815101281579595,0.006284324507507603,0.0030688879949840237,0.003041697116347669,0.008360684367671806
1305031529.707557.png,0.029772780428099412,36,0.9556691511048729,0.8902680591382472,0.002413792217034759,0.002060231666410797,0.0011212806657821337,0.005335020678638984,0.006237144880620889,0.004594034027894279,0.003365741778234957,0.009405826415196671
1305031529.739568.png,0.02378898522191972,46,0.962703161003996,0.8391816178435912,0.001971257904359485,0.0015904767457376417,0.0008326903347467713,0.004208942407154455,0.005053744016196651,0.0030099562044243484,0.002666242149132865,0.007232935857626502
1305031529.775501.png,0.032649728136727084,49,0.9663841063264973,0.8698854224241523,0.0023402235087656687,0.0015803731368103108,0.0007805892369094123,0.00419572716500153,0.005957179768134972,0.002944913009094927,0.0029297687416091358,0.007859047643585382
1305031529.807516.png,0.056473203132941165,36,0.9762212155318625,0.8995777243247001,0.0021742819979697204,0.001831366248759498,0.0009155360620377173,0.004847878056672997,0.005556580554099436,0.0028385216980139822,0.0029865717511357677,0.00790156405635389
1305031529.839505.png,0.036280431988142785,49,0.9609461315018768,0.8740675138853387,0.002414689311714022,0.0017889174439962028,0.0008314057512206237,0.00460888691174062,0.005962667545360378,0.0024027611996718726,0.003118041952364107,0.007910025550170906
1305031529.875495.png,0.038022755604175555,37,0.9921487000990108,0.8640848241312529,0.0021284258489901947,0.0017964226350701998,0.0010207706529771993,0.004635679355829054,0.005257031534851626,0.002788058521769232,0.0029663620150652027,0.007543154112789567
1305031529.907489.png,0.03561961760290958,40,0.980694574728379,0.8864655451231915,0.0020640756642038897,0.0015443754229974623,0.0008197520323628897,0.0040837152933517196,0.005331529523544754,0.0027284882368863368,0.002705087279420094,0.007248902380113225
1305031529.939498.png,0.036207413485798444,34,0.9741925377897198,0.8924762636122976,0.0017738299065576748,0.0014978569045769473,0.0008998748301544834,0.0039657966271458515,0.004493786497890368,0.003107886255172011,0.0024899442873150403,0.006751341863036584
1305031529.975501.png,0.03157505540884818,39,0.9851287086391685,0.9183308926433057,0.0020698216106635596,0.0015599343035099943,0.0009173489527700847,0.004109085531747768,0.005210129089003072,0.0029021195820712656,0.002749379135802386,0.0072423978832936485
1305031530.007409.png,0.037852276977650104,42,0.9662059206694101,0.8786421354993504,0.0020572732276731877,0.0018599819773569722,0.001059005190644165,0.004788032457658104,0.005294445687509484,0.0035784330671799662,0.002968736782405084,0.007985085670790409
1305031530.039454.png,0.03433290529339003,40,0.962897900424462,0.8714654880592843,0.0021252184035864953,0.0016377588396439102,0.0010292547626028397,0.004198090975303749,0.005505437289121522,0.0028015187437780273,0.0028737036461881603,0.007468755910666524
1305031530.075443.png,0.03300309179476317,36,0.9455352578327292,0.9289356019856717,0.002096791728165385,0.0016353750440805987,0.0010042779251647782,0.004479736421816419,0.005501016950964916,0.0032260590781872985,0.0028424569015338954,0.007793374306403267
1305031530.107445.png,0.043504379710478436,36,0.9691530243531614,0.9366350436334234,0.002425560429934024,0.001835881666592603,0.0011838066122596992,0.0051070616351466345,0.00658666726417007,0.0035834656677664173,0.0032642308417485345,0.009072347567533823
1305031530.139497.png,0.0449893611282184,32,0.9351264027336794,0.9971989771960157,0.002545154407827392,0.002052610504571913,0.0009280697727336376,0.005899193186424472,0.006959988746697268,0.0030862078224568427,0.003398872511028331,0.009631542053498149
1305031530.175410.png,0.038624810954811434,31,0.9453402675924502,0.9758952753012865,0.0027292226500075585,0.002648744901471947,0.0011314874110827946,0.0073671350929396875,0.00737567335508181,0.0029598456521073464,0.003967967941884959,0.010836785649019085
1305031530.207486.png,0.04619535233774748,34,0.9494774976213677,0.9040327797244099,0.002089627395351444,0.0016531497431495022,0.001000482234640003,0.005165633899580032,0.006248327639065982,0.002996164024216036,0.0028461221735035865,0.00864305332215489
1305031530.239446.png,0.05217790590515531,35,0.9602437950353263,0.8865357680537611,0.0014785092745260237,0.0016361698101959932,0.0007222092309404618,0.00531727282671092,0.004466049613562218,0.0021667950082952677,0.002320480014116018,0.007274200304669295
1305031530.275407.png,0.05169535835128988,37,0.9512632354540637,0.9215291685414521,0.0016178315735899667,0.0016627784807765136,0.0009521917758745892,0.005273539063426449,0.005039588352660921,0.002586427486827132,0.002507764034888698,0.007739332798269838
1305031530.307544.png,0.06057093927732705,34,0.9335602383731002,0.956357868490169,0.0015367780600934447,0.001764556860018457,0.000936846163100668,0.005905692514943785,0.004990006784857837,0.0027591484679620865,0.0025205214642091845,0.008209157816868174
1305031530.339724.png,0.04809312485030331,28,0.9711153100740979,0.8543165734786776,0.0027860178492552547,0.0022287766034926673,0.0012591402215956788,0.007272976093721,0.008614057081422525,0.0026881194703182163,0.003783487108777457,0.011589829461581677
1305031530.375386.png,0.04682613408875614,26,0.9412007841325065,0.8665954641225333,0.0015819894646052683,0.0013227636894811152,0.0008603362540878819,0.0048515515451049256,0.005431447580670859,0.0034085348806074424,0.002234406613494895,0.008040913209872552
1305031530.407465.png,0.05873036617103163,34,0.9772055493403968,0.8806137336652299,0.0017085905919101115,0.0016517914469650777,0.0009747184566437543,0.00555794853644207,0.005697822439464961,0.003083032426445135,0.002568613023550397,0.008535869107942153
1305031530.439553.png,0.052091318920134216,27,0.974143063436803,0.8831070765454465,0.0024686183142354702,0.002243901407125155,0.001491029536749682,0.007719592341694075,0.008509238625992625,0.004238776704531637,0.0036540852460960733,0.012246080020435387
1305031530.475439.png,0.0563009215548209,32,0.9539128369918835,0.9303423352493496,0.002107611563743463,0.0017031271347054365,0.0010422362895474812,0.006441153625740164,0.007478752207266373,0.00366097310586013,0.002903261101562313,0.01052724649136271
1305031530.507461.png,0.060834298613668125,41,0.9668308851184833,0.8613672193988371,0.0020373318653538097,0.001877060598478277,0.0013804493275023802,0.006711446581695657,0.007429424700845444,0.003670563384404708,0.0030951119472076346,0.010663625188622267
1305031530.539532.png,0.05030191588886987,23,0.9430998934857222,0.9270231779137138,0.002876613193779139,0.0023784438464948938,0.0014583568314991775,0.009428644632585708,0.01113994214092849,0.005029707223663316,0.004007331187403153,0.015436826269236583
1305031530.575433.png,0.052671560251995826,20,0.8861891439386526,0.9991995901568085,0.0043659091556032216,0.0034672001899479893,0.0020355867044872795,0.013667713396713783,0.01698409933144865,0.0076208277362921255,0.005935170860526325,0.023094220813473294
1305031530.607559.png,0.08709772878327914,25,0.9569479867077882,0.8687175200348243,0.002489393030696076,0.001762042445702654,0.0010980840994845467,0.007276188410934788,0.010190413147730564,0.005335887958133007,0.003241552086775218,0.013610993285378202
1305031530.639507.png,0.08406573111689604,23,0.9882130366839263,0.8134053447867599,0.0031935855463854,0.0021095414269416356,0.0017934011108712811,0.009114377850872001,0.014024087585648534,0.008424765114963567,0.004226753034959463,0.018727615530566472
1305031530.675401.png,0.08913348104336669,27,0.977269887672091,0.8981304633409245,0.0021202740966338117,0.001991323600717186,0.0015454172673059741,0.008893277358858026,0.009643783789889773,0.007040456321901573,0.0032938194330772064,0.014888283083966444
1305031530.707456.png,0.0987046140837091,29,0.9668490137145236,0.9109299904769833,0.001870783234701464,0.0016768114728658893,0.0016366440931596758,0.00829485146065033,0.008645116959561057,0.005463054655467814,0.0029983546345369494,0.013167671554506958
1305031530.739522.png,0.087164929518507,29,0.9539867108475106,0.9324199072297727,0.001267886262528364,0.0010988449744893682,0.0012100551993183782,0.005990793132474725,0.007132710534572586,0.006411024378353575,0.0020686298455901008,0.01130780241717872
1305031530.775437.png,0.08228626905255744,38,0.9438695424529251,0.9376478453976846,0.0013206358796112553,0.0009583433766349746,0.0014454439380657792,0.005824653273582556,0.008034014152156165,0.006540094034657199,0.002179864521512249,0.011884645520025416
1305031530.807467.png,0.06570190965952483,39,0.9768951021434228,0.8526221377322526,0.0010125204264296046,0.0008903852136708008,0.0013498946230509087,0.0053247515432955205,0.006085645093490264,0.005646434193826445,0.0019079305375203106,0.009862569356256139
1305031530.839463.png,0.06808706454057775,36,0.9670336265124474,0.9058836669477215,0.0010732090065416395,0.0009139930433350697,0.0013248905575423632,0.00626991194715554,0.00763464098306548,0.008213211731944354,0.0019345531381825389,0.01284742720232869
1305031530.875401.png,0.05813959995121315,34,0.9791404963589629,0.8343512945420785,0.0012115707498337423,0.0012574343519114906,0.0021391712190922136,0.008423604959477813,0.00791847069636037,0.008671941174770856,0.002761358060051654,0.014452053917043876
1305031530.907441.png,0.07506142048733694,27,0.9366307641502766,0.9525774428343496,0.0014522040900091008,0.001339095105843447,0.0020999539512119823,0.008561482395219965,0.008730164491848878,0.009388167846273198,0.002883032954848739,0.01541598029215782
1305031530.939462.png,0.05932788615365574,41,0.9803459526629859,0.8598534004032844,0.0008259027162786254,0.0006843379533987836,0.0010281696022401746,0.005060401075960525,0.006090557148170766,0.0075063429671410635,0.0014857881619494639,0.010910899603839482
1305031530.975286.png,0.05183916957346747,47,0.9744313130271282,0.8692335688246349,0.0008339561548115383,0.0007735596959549549,0.00109069407816663,0.004795053921593478,0.005450056705435618,0.006014365002158999,0.0015759095924264576,0.009426995628653264
1305031531.007484.png,0.04825289558545285,49,0.946240481071542,0.9002397549323558,0.0007833738470211861,0.0006847314838407285,0.0009604147421236658,0.004696422281929479,0.005509355056814035,0.0063392059290118255,0.0014159548954850102,0.009622624756409489
1305031531.039689.png,0.04087068766187514,38,0.9806011492986494,0.8903399634299475,0.0007690668630480359,0.000822603584249793,0.0010106113482947732,0.005018156456780163,0.004889740707224336,0.005887723308036219,0.0015131013825786202,0.009151871074299734
1305031531.075325.png,0.03623372534296361,34,0.9550099855969681,0.909278662199295,0.0010271094420130063,0.0008683674917013727,0.0008923544777319995,0.00549749606032161,0.006343607330447838,0.0056091947909292315,0.0016140980207051715,0.010095884463421259
1305031531.107512.png,0.039300602109961086,43,0.9597555427525586,0.9114914365155902,0.0011207041773743345,0.0010738788469177479,0.000976898435003287,0.005950476848688595,0.00614826837856838,0.005316820533753116,0.0018339913258664958,0.01007362692230666
1305031531.139581.png,0.041934621968467985,43,0.9280688008176571,0.9331411792855825,0.001062859549523142,0.0010163218349877284,0.0009313829635020623,0.0054395987970629394,0.005743074758773432,0.0048741188415458514,0.0017407052361003697,0.009291349591925888
1305031531.175355.png,0.034502655911797686,39,0.9802176503312368,0.815978497234758,0.0012205308339268547,0.0015073760803853147,0.0012134185507716613,0.007812851249709537,0.006560609948247918,0.005074742223906381,0.002287851119203515,0.011394527466386471
1305031531.207465.png,0.030877110939762815,45,0.9542483226147629,0.8994137977102409,0.0010557726892204886,0.001323039602259105,0.001110067491823816,0.0066860739124737995,0.00555661933874602,0.00455407851324862,0.002024188626796873,0.009814236289371767
1305031531.239619.png,0.042483004861252165,46,0.9775985389616882,0.8299315517369052,0.001059116850163046,0.0012419409670762578,0.0010959443886206207,0.005731241694759542,0.005198394325764496,0.003803918738282687,0.0019660213556700313,0.008622078212203186
1305031531.275515.png,0.05400837146769572,35,0.9650346063209196,0.8773444042110518,0.001270265156095602,0.0012619330002758245,0.0012543624991516202,0.005968898833648441,0.006776978142427709,0.005948413319088981,0.00218620075547824,0.010813824811045713
1305031531.307527.png,0.050285756581914594,38,0.9842037123581604,0.8416923495970389,0.0011232886072063313,0.0011108360769398597,0.0011762957213577257,0.004901187984272869,0.005696443431422081,0.004701969578788797,0.0019696207018091503,0.008864515178193776
1305031531.339595.png,0.056838802125783947,38,0.9789905861451975,0.9311726537276608,0.0012486610226172213,0.0012589392648545692,0.0013692392669451502,0.005725783085177924,0.0067687857255828736,0.005530439808429122,0.002240289845564752,0.0104492495717167
1305031531.375434.png,0.06452530826203398,35,0.9746622872735285,0.9061731157341489,0.001237167564365044,0.001248095668778773,0.0014961599372747393,0.005036667609545706,0.006870345232110014,0.006812788200377729,0.002307990671265207,0.010907967147027428
1305031531.407491.png,0.06373013398327959,44,0.9845952444536682,0.8531222132438336,0.0011824437141231875,0.001044556574473602,0.0011191358475014948,0.0043417213317080115,0.005811483269877571,0.004763578006889808,0.0019343569007575499,0.008678453626424443
1305031531.439644.png,0.06993681802130113,51,0.991581914738513,0.8327132845791658,0.0010277662563928868,0.0009863773235072976,0.0009575437208637912,0.004076075686446918,0.005161480164286717,0.004548512885579201,0.0017164305052855893,0.007996514237982007
1305031531.475324.png,0.0684299773717387,47,0.9674816643237153,0.8947844630911711,0.0010641273140773652,0.0012356487290869004,0.0012060719804488078,0.005119379328941474,0.00523926554956793,0.004533409671363931,0.002028251548571648,0.008614508196113034
1305031531.507602.png,0.06072975185291623,52,0.9726169415678736,0.8787121378729764,0.0011153802208258758,0.0011125627592913207,0.0012034666359652655,0.004833607544490171,0.005444266923955721,0.004620393102444036,0.0019824734233409155,0.008622751107073834
1305031531.539487.png,0.06349015588914644,49,0.9618668674355678,0.865575469564537,0.0008859645357218701,0.0010182939332248953,0.0011321814883020905,0.004448861281185434,0.004746280337119608,0.0045997030975274975,0.0017617294387769742,0.007967233668166334
1305031531.575392.png,0.058878916672435604,50,0.9552118154296168,0.8921366409880125,0.0011845093064997859,0.0011717084144209347,0.0014435191413805161,0.005065109560676783,0.006255129519261053,0.005447127471120564,0.002204475088800363,0.009718702477750139
1305031531.607419.png,0.06053156503871589,46,0.9633294538840242,0.8925245463809172,0.0011919455845529783,0.001134905206785225,0.0011752270348320494,0.0048128328290008935,0.0053327375299443815,0.0046481619571895096,0.0020223507827089953,0.008556100688014948
1305031531.639521.png,0.06064566566637935,54,0.9772101681194721,0.7928486510093605,0.000910444951060911,0.001004517209332873,0.0011038474698540357,0.004326747787540908,0.0044709488857986165,0.0034494280174151484,0.0017482688779079047,0.007113978071637741
1305031531.675444.png,0.061620256157374036,54,0.9878497473799216,0.8334407496103645,0.0011723487383214946,0.0011343203079147402,0.0011513005984042056,0.004672254804373394,0.005539857891328128,0.004642393599503488,0.001996641478352504,0.00860649805355301
1305031531.707498.png,0.055494390191113525,47,0.9624002928961366,0.8692985184238354,0.0009446062991721922,0.0009818736886270734,0.001272704868548217,0.004406583873960634,0.005384857141221533,0.005575714252120595,0.0018644395091502043,0.008916459907996848
1305031531.739657.png,0.061045417188940826,40,0.9852765743307209,0.8669351896234225,0.0010164388336688602,0.001287059174417384,0.0013439443221761093,0.005393854621972638,0.0048471724768853995,0.005388995765104343,0.0021203432651699283,0.009034933539321884
1305031531.775442.png,0.07006126461796129,33,0.9615629021263901,0.8502735364532,0.0013241443630723502,0.001766823895814372,0.0021062273596342876,0.007779818106691718,0.007567251069778926,0.006836781918965437,0.00305142895436695,0.012826942173946655
1305031531.807438.png,0.06023622454937218,31,0.9620625327969797,0.9244952144928977,0.0015834024291678864,0.0015049992854693237,0.0018233225136912565,0.0073481209884260585,0.00854137771578393,0.008097361192459412,0.002845468518696234,0.013875059409796614
1305031531.839545.png,0.05702147002147347,40,0.9583828653508185,0.9011320733109773,0.001045446956865784,0.001201384673968531,0.0013079177020974791,0.006218916842161698,0.005565086336204759,0.006090755030729848,0.002060808867878424,0.010331621821548459
1305031531.875426.png,0.03674894922041874,32,0.9795954629684314,0.8285974697283706,0.0015081654193056153,0.001270718057663768,0.001190862997926795,0.005559132050890831,0.006489829675736022,0.004871578139625486,0.002303788617450233,0.00983636680638652
1305031531.907427.png,0.04774745176776704,49,0.9704969320075116,0.8634731619515379,0.0011386303880806523,0.0012018631605568682,0.001374295714486803,0.004918174778516656,0.005808780164887751,0.004735850761183946,0.0021516605048708852,0.008964298778389602
1305031531.939564.png,0.034784835788710555,40,0.9874890140440751,0.8852697015966864,0.001580558475419259,0.0010508918436696356,0.0012091919005262643,0.0041831996661545225,0.007036233296380072,0.005075976272621673,0.0022504852395893063,0.0096318883697965
1305031531.975488.png,0.03564965846268493,44,0.9665971825799061,0.8712492198168394,0.0018428696081987563,0.0017783250474752042,0.0017877757636142128,0.006495784150648106,0.00749927753018562,0.006294357527884089,0.003123259603085646,0.01174960901031984
1305031532.007331.png,0.037415087905887594,42,0.971623559430119,0.8945904882990229,0.0019929951876497885,0.001808729568506318,0.0016594550346830193,0.006849472075854664,0.008054400473546254,0.0064058289389135855,0.0031618544372122963,0.012362171293943378
1305031532.039675.png,0.03613316562060693,50,0.9922009963426714,0.7948959027789283,0.0014992087771480533,0.0014487626501782389,0.0013728005880878588,0.005144405509482701,0.005746966930800675,0.005308273477288847,0.0024962214702793513,0.009363242187372958
1305031532.075525.png,0.03154512566881383,52,0.9680648369734298,0.8607686141588489,0.0016998616010769812,0.0016905432978483364,0.001594848371091777,0.00579595410227838,0.006225531379487745,0.006172579569284377,0.00287941095217234,0.010509570088821477
1305031532.107398.png,0.034422632830668286,41,0.9639891710530117,0.8749267000747174,0.0017230257738839521,0.0015676288129607748,0.0012863757498511059,0.005508571796842709,0.005769775589656149,0.00491063465461488,0.0026610224505813915,0.009367443958042529
1305031532.139520.png,0.032640093146127945,31,0.9693661803263371,0.9257212329402135,0.001369280845763362,0.0010513128762596265,0.0010186879838465879,0.005229374839035296,0.005353846361307407,0.004372775378264703,0.002004473498651739,0.008667825366052203
1305031532.175563.png,0.02461638586274693,32,0.9577232236846756,0.8609517978218528,0.0021142024515688946,0.0020422970366663733,0.0016774323335243678,0.006335163642036354,0.006937686666714253,0.008029905172280331,0.0033844657518948508,0.01235901176197751
1305031532.207465.png,0.02832964266147702,35,0.9684801563255988,0.8675000173360796,0.0012823455824030844,0.0010481501045220263,0.0008991241842915542,0.004095133575914563,0.004408116090777811,0.0034721839277408444,0.0018845299501722421,0.006946773906096188
1305031532.239966.png,0.026962817692805573,26,0.9667988276213155,0.8927286233797568,0.0015509897365654686,0.0011672025012564172,0.0012618695762040613,0.004863924332190396,0.005575202026920648,0.004411775195500875,0.002315220436420704,0.008614197462671185
1305031532.275514.png,0.04300459024489925,28,0.9114690156947944,0.9494519122831387,0.0019427185415799542,0.0016070702380247667,0.0016192859271072083,0.006532126008424175,0.006796694369907793,0.005257729376609866,0.0029964841056596605,0.010793861345484025
1305031532.307481.png,0.020908127534676864,28,0.9738027570681277,0.8375718227967276,0.0020798246332201626,0.0013142142803534416,0.0016420240165822735,0.005294306433013155,0.006828574885804954,0.0046633911002836445,0.002957883119845556,0.009818672625762371
1305031532.339777.png,0.01681769869807462,13,0.9919401687017755,0.8394013705520891,0.0021068069574538485,0.0016629075922362877,0.0018963735752809026,0.007634007561152668,0.007777627878659637,0.008558561606818874,0.0032863551167390146,0.013857075580379642
1305031532.375496.png,0.02549988067987537,14,0.9809801153177261,0.8813428586541575,0.003915714561939971,0.0018804932501266232,0.0035708447759176766,0.009554069762156347,0.014088982558231338,0.010652488177503935,0.005623167062079793,0.020081214677358492
1305031532.407448.png,0.039036303316955345,18,0.9903947354790499,0.8540534640063678,0.0028234538516158296,0.002433170806956188,0.002350836972988725,0.012395563849111075,0.01085028937045307,0.01073279983197201,0.004406659313085014,0.01966142860509212
1305031532.439533.png,0.04303822727543364,35,0.9880179863608082,0.8231378393385718,0.002095462108096681,0.0015078763406296471,0.0018380235643495435,0.006850726530181718,0.006996411872667555,0.005572288712873958,0.003169066602046073,0.011266438416063954
1305031532.475428.png,0.056198062002980165,28,0.9686962122934736,0.8601514853674873,0.0023606132250183487,0.0022770519776585474,0.00232024606535644,0.010030561491300365,0.007912177973548038,0.006936658906446406,0.004017586627677401,0.01453726112100346
1305031532.507415.png,0.06194934390317757,43,0.968470435521576,0.8630294348534027,0.001891903980718433,0.0013768783093464757,0.001787900592346991,0.006254294705839078,0.006392479638117344,0.005055890920831743,0.0029447721608168234,0.010273365134880606
1305031532.539458.png,0.0654924253437275,33,0.9802817446078335,0.8792938737976264,0.0023100416457428785,0.0021397873317505036,0.0020950349218919126,0.00987736425228295,0.007632455653035414,0.007013703801638127,0.003782083229403216,0.014318126444648492
1305031532.575435.png,0.04921802628998594,38,0.9707617168619359,0.8343225521998007,0.0015402041671742175,0.0014180863719516123,0.0014963053370306626,0.006018416892935557,0.005827412770494839,0.0039656483834246015,0.0025733494703444686,0.009268573169364126
1305031532.607434.png,0.043138463579349216,34,0.9870191388038211,0.8494424241610581,0.0016976165746009847,0.0021136550943112536,0.0016833650514527065,0.010129320131609066,0.00657734224453612,0.007411764800729336,0.0031911060446999043,0.014170349847188337
1305031532.639592.png,0.047479013846983366,35,0.932319158479118,0.9421162366738476,0.00149040920365187,0.001633788438992706,0.0013738058307605331,0.007730997474113281,0.005547905071351439,0.005020040226074681,0.0026034451633072785,0.010758641944821887
1305031532.675452.png,0.0445104496728872,48,0.9922410135851373,0.8380651164512704,0.0011625752265081166,0.0015086929015782464,0.0009546368857157006,0.007118880070959496,0.004601317545328539,0.00442292193711571,0.002130508627565718,0.009561004919958567
1305031532.707308.png,0.024092405681218784,46,0.9969573422020676,0.7636018247895153,0.0011561467039676138,0.001311105135635973,0.0009478829367187018,0.005997649913156716,0.004508057199140129,0.0038364811199358734,0.0019885054537286716,0.008426919459395131
1305031532.740052.png,0.02286483988576921,49,0.9751663515165351,0.8228482432869365,0.001510724976358356,0.0014726514579420566,0.0010154622229550415,0.006978133839334137,0.00607728140104995,0.00457578619143997,0.0023414003922910356,0.010323057704816946
1305031532.775761.png,0.02622616413556504,47,0.9669989885219437,0.8866102590757111,0.0018272390088784184,0.0015748990107501534,0.0014559116848718331,0.006494610570097783,0.006491643356756001,0.003718290205903673,0.00281758551312558,0.009906920913374617
1305031532.807429.png,0.031688430427218806,47,0.9840982265410667,0.868128559878345,0.0019104834063041257,0.0017426387431518089,0.001577797073719296,0.007348345398469192,0.007275650451031036,0.004390845494388785,0.003029221061714431,0.011234446748121856
1305031532.839717.png,0.043639110195823075,41,0.9483305762333295,0.9025645255862871,0.0019314897455466908,0.0019179871435680807,0.0017570731822248165,0.0071837495164213385,0.006816846543040823,0.0038476108238869023,0.003239850843439881,0.010624488832792996
1305031532.875476.png,0.054266235195647744,27,0.9610251435826422,0.8969189592993688,0.0016328197571121492,0.0020824228142689886,0.0015152850321835229,0.007963929030792126,0.005904396471120755,0.003820732242698949,0.0030493727003046336,0.010624690968027078
1305031532.907577.png,0.03605885137995907,46,0.9406216893147331,0.8774270571088374,0.0013819636917595521,0.0019903473638965253,0.0014229347485483176,0.007279380899644027,0.0049377161635832875,0.0033144920680220524,0.002809991027198806,0.00939980238426293
1305031532.939523.png,0.034430341260029855,46,0.9783497729054883,0.8462621640291694,0.0015514812886494784,0.0020213873181587827,0.0013052680259410482,0.007014902874255985,0.005034961594524045,0.0030395892685109536,0.002863009867008258,0.009154168641379945
1305031532.975424.png,0.03446856502120991,40,0.9618735739842753,0.8805753061396422,0.0017727980022427786,0.0018092155554547487,0.0014993372978517252,0.006579851595830786,0.005267884499492344,0.00481604239323482,0.0029434819543501085,0.00970769377641176
1305031533.007402.png,0.03523134993878554,39,0.9857794471714755,0.8473993395303302,0.0016609348236462475,0.001764164067464924,0.0012484825603764666,0.006273681674057592,0.0053300661486842035,0.003036260244755835,0.0027257454116075023,0.008774255704653249
1305031533.039505.png,0.029298816685564014,32,0.9433758237706376,0.8791020215818436,0.002780199283754971,0.002463550155607283,0.0020902678797744575,0.00838323522538904,0.008394411099470681,0.006738446407574107,0.0042623710814288715,0.013643732280386792
1305031533.075500.png,0.04737473544700086,30,0.9839018118463091,0.8867943616073853,0.001943555088456095,0.002775606752007204,0.0017774855427056381,0.009647741098658203,0.006115857477719338,0.004709730945423469,0.0038263369007680327,0.01235573496692097
1305031533.107480.png,0.054962712566842806,26,0.9726836371798396,0.9340843336269145,0.0021866209695377047,0.0035159459288867305,0.0016370046611165338,0.011481651434351122,0.006570710091224166,0.004260215320028207,0.00445229955189388,0.013897912984900118
1305031533.139514.png,0.03255916671489553,20,0.9734286426427092,0.9140303505204898,0.004207874065340505,0.004292793507576215,0.0027124900979434946,0.01679830090301795,0.012665035294328632,0.008880597096133338,0.006594837585558513,0.02283530242888794
1305031533.175459.png,0.029855837499037932,26,0.92855611131695,0.9658360206204535,0.0020980951649697504,0.0036900916924767465,0.0016500194134374294,0.0123325400776496,0.006751146982693923,0.005022091588901004,0.004554266580348118,0.014929532285911741
1305031533.207507.png,0.03170341757618825,26,0.9612174407750504,0.875511131301641,0.002273566144647465,0.0033173843129849644,0.0015851987811893405,0.011438478293888985,0.00758552698027895,0.004494018793975676,0.0043228459225387655,0.01444213315853707
1305031533.239511.png,0.03378286384327776,32,0.9837916230733883,0.8893575673689407,0.0019132272967089148,0.0026640965978420796,0.0011569889775509337,0.009715334968007036,0.0063717415403979245,0.003955619042821105,0.0034779983993211095,0.012273294008135784
1305031533.275405.png,0.03405803055927012,26,0.9834364808589385,0.8793959093246322,0.0024922962540031225,0.0035789458567600436,0.0013034580593318768,0.013060950078183552,0.008454300450528966,0.005126257193297315,0.004551856431806159,0.016381151542686177
1305031533.307502.png,0.024691839259699543,25,0.9569313405511574,0.9416988616341148,0.004121300467225282,0.004058385854337509,0.002298938783005784,0.015846088582865014,0.013816772856987266,0.009814153497002194,0.006224205396020141,0.023201709946042887
1305031533.339522.png,0.045679003398670114,23,0.9777691165474793,0.8653291229417467,0.0034870584435612198,0.0031010903301255106,0.0018624215735393679,0.012423311683295343,0.011913837794163796,0.007783934034072321,0.005024435484907175,0.018890945799846487
1305031533.375654.png,0.06054910919270275,26,0.9917712862908774,0.8719482956998464,0.0041472415085520055,0.003961944577560549,0.0015572534324152195,0.01604570403193393,0.015682662047167135,0.00783408170267239,0.005943202437969544,0.02376517079446776
1305031533.407483.png,0.04813975145042721,31,0.9890872180782682,0.8866155770551722,0.0023790638704970805,0.0021243844209794596,0.0014455617918525323,0.00908017193324059,0.00899892516345266,0.005195916505505655,0.003501799960315935,0.01379955523800741
1305031533.439774.png,0.047308715551183246,32,0.9835846259781973,0.8850227564462957,0.0022956839638640127,0.0020897406539191503,0.0011021743217673639,0.008855008936386626,0.00889981311070943,0.00517497715030622,0.003294232702489029,0.01357933154375553
1305031533.475654.png,0.031652579974957046,36,0.9373890368481683,0.965808984158877,0.0027724973960371923,0.003020933347905007,0.0014833287968199756,0.012508031567616327,0.01077814734194255,0.005934761936052565,0.004360394984745415,0.01754539007998193
1305031533.507463.png,0.03053596896432447,40,0.9613585218188252,0.8209441404136084,0.0019366209417002987,0.0016984430544347527,0.0008309068504581704,0.00773612486126004,0.007680795384259005,0.00413486251645719,0.0027065874593532203,0.011659302450569793
1305031533.539640.png,0.0356550931521505,38,0.9897988487237228,0.8124523997467851,0.0015270308913193135,0.0016852149702385535,0.0008682399575045237,0.007437632208320703,0.006210987640539452,0.0039035199698162944,0.002434258298284519,0.01044663622856362
1305031533.575643.png,0.016575392703633073,42,0.9677882096600283,0.8993282874370889,0.0015899464665037918,0.0018102565417866428,0.0013035761745607498,0.007912253367100783,0.006762192812013901,0.005566932879479146,0.0027393921508815904,0.011803463333135582
1305031533.607639.png,0.01782566707697643,34,0.9620318973854216,0.8779785264895195,0.0015266064081820886,0.001598661100408024,0.0011405047478165171,0.006991033088693164,0.00621574927627917,0.0059714198610380615,0.002487367186253857,0.011098105147707312
1305031533.639561.png,0.01790604941965617,42,0.9712622058216117,0.8450214732445003,0.0012310236385923681,0.001513840912645041,0.0011910797913261995,0.006842843871754702,0.005511977780946677,0.005782862963607003,0.0022860018759565414,0.010518931284437516
1305031533.675446.png,0.016136451961614215,36,0.9671875974512378,0.8871004952454422,0.0014152491596407196,0.0016945776355031202,0.001239320303902492,0.008363891439581233,0.006233373012937813,0.0062829344800124955,0.002531884350098968,0.012177228125137983
1305031533.707501.png,0.02282718011037273,31,0.9657524354641261,0.8645503933740843,0.001274044219251385,0.001471456084207374,0.0012361861865965978,0.006840514159548236,0.005454319490596325,0.00555815628927512,0.0023057597377634576,0.010365101852296842
1305031533.739555.png,0.024137436756448652,28,0.9644409446029075,0.9339960981913608,0.0015362354353082026,0.001552210895066861,0.001097738482536875,0.007727575829646228,0.006585164980066042,0.005681710453912717,0.00244426016444715,0.011634502984645363
1305031533.775530.png,0.026596344124897323,34,0.9806076837917971,0.8656608629335175,0.0012318984515237003,0.0014877761040734403,0.0009721995046095169,0.007465777635353888,0.005509391541913939,0.005085218303300836,0.00216245772385992,0.010580674650271077
1305031533.807707.png,0.033003487053906044,29,0.9550569669304744,0.9218455439985597,0.0017864115813784952,0.0022341821396963963,0.0013735249334057462,0.011305512665298582,0.008420074171605427,0.007943242976386843,0.0031732328805350613,0.016180462745622647
1305031533.839329.png,0.04475277104796718,34,0.9880626359087249,0.834476035986355,0.0012683604328312128,0.001414738980559916,0.000864090501237627,0.0065444223403066885,0.0056857039823054,0.004908809306844525,0.002087313336568467,0.00996258512403644
1305031533.875471.png,0.084875146089787,16,0.9548083854272882,0.9426155946313985,0.0025666604559804428,0.0022711470894300643,0.00196447496760959,0.009923285327977384,0.010734718450172227,0.010886164646661301,0.0039503185816444075,0.0182267482733245
1305031533.907441.png,0.08808155383414422,21,0.9537147216763199,0.9391543105547526,0.0033487131320746374,0.002607493244683117,0.002129130472339072,0.011542780711360598,0.01432352411651488,0.013886286350335914,0.004748273078735048,0.02304838558924393
1305031533.939530.png,0.05184851570598387,14,0.9527438779183833,0.9175612952149831,0.0038779022184330684,0.0037390005847152976,0.0033381084694287734,0.01634329944878339,0.015967841585745008,0.01631423923897644,0.006337287995815052,0.028075430606254462
1305031533.975439.png,0.059441358915746804,22,0.9409908712584332,0.9254506449975133,0.002598206896132743,0.002429772347067195,0.0017616188131841708,0.01163181189558142,0.011374587892146524,0.008970069722038166,0.003969606224381529,0.018578009810218683
1305031534.007323.png,0.10788533563012276,19,0.9416588763198777,0.9666924349957257,0.003067923126918471,0.0026175855471552902,0.0017425234591145946,0.013069269587538271,0.014521633866088155,0.00775904851221961,0.00439321003537529,0.021021096344088445
1305031534.039458.png,0.06737736837581242,22,0.9910207788091817,0.8573098465403902,0.002479510985136538,0.002414210619744143,0.0016284622486184245,0.01261557019040109,0.01239252544295575,0.00714615406486253,0.0038246930513537347,0.019073405988495957
1305031534.075484.png,0.06284820204462957,22,0.9805251325841531,0.8861060263014949,0.001968836274953154,0.0016821247723425605,0.0016230688193190831,0.008760881820645463,0.010099388135276052,0.007142592512132872,0.0030561761106889383,0.015158077674185715
1305031534.107442.png,0.06280860341548433,20,0.9755121844998642,0.9099318932875858,0.0018040336087991383,0.001970410462913268,0.0015647695752069792,0.010728103024534617,0.009621092117781598,0.007831895584261108,0.00309605530918431,0.016401103514295513
1305031534.139529.png,0.04024156514115035,19,0.9692437544147084,0.9369372416175663,0.0014578842713611599,0.0015767799051216729,0.001421985953424623,0.008456421629187225,0.007654044128429757,0.006839583584938248,0.002575598079983503,0.013299449684324999
1305031534.175381.png,0.06095137926459319,30,0.9011185695731686,1.0035083166791556,0.0012511147587523032,0.0013111232747467477,0.0013047973584794212,0.006399322861097795,0.006002387900435436,0.005802412377644948,0.0022331208045793995,0.010518934498708027
1305031534.207436.png,0.07275686107435965,17,0.9345013006470554,0.9711903200041855,0.0018613955474484512,0.002340147100646717,0.0026400402107265436,0.01401357178371235,0.01142676597941493,0.010404277681845493,0.003988846218015833,0.02086145174637953
1305031534.239529.png,0.04028761379226411,26,0.9330074806835758,0.9689409844677725,0.0010476154977650638,0.0012348996323363918,0.0013392622893684978,0.0076862760171014285,0.006518592403300513,0.005981101540093508,0.002101451596593804,0.011719405341754535
1305031534.275475.png,0.03667254971869269,29,0.9729602249615585,0.9327892743167289,0.0012493837699347882,0.0012516963219110216,0.0010447537149952746,0.007875900856868326,0.007395899116735148,0.005416732356233132,0.0020540724943045392,0.012085947520621042
1305031534.307945.png,0.05402255795574821,25,0.9502357576693586,0.9655350387603905,0.00103180767897558,0.0011421251050700563,0.001203845686466801,0.0063049482271264,0.005446888598272386,0.006268701641421038,0.0019540525271468483,0.010426772646312418
1305031534.339859.png,0.05755018196804936,28,0.952442927560978,0.9581502480802423,0.0011487417129567238,0.0009597855518721642,0.0010885005390588577,0.0061153532816482165,0.007079545613857363,0.006304381830805666,0.0018508455506067293,0.0112810789433744
1305031534.375478.png,0.05020782637837095,16,0.9519465610709426,0.9509899347451609,0.002183795394910722,0.002061351013528906,0.0013903138632405338,0.011613963284157088,0.012109701125211895,0.006908994945657766,0.0033092450749572394,0.01814561147128505
1305031534.407595.png,0.04277711119142469,26,0.9680055421241082,0.954703221860642,0.0016572537433790458,0.0014482800550731031,0.0014280530969394188,0.008151418792127448,0.00863154106794073,0.007822077711132039,0.0026236121541768852,0.014217384754278284
1305031534.439543.png,0.05749055805645469,16,0.8638956056312785,1.0664460023136586,0.0025149705893174044,0.0021485435636560885,0.0019624253179151997,0.012333840430482334,0.013356057258368293,0.010024639366252254,0.0038460927755911076,0.020760570311935737
1305031534.475605.png,0.05373606211229459,17,0.9476683329735086,0.9960198273340889,0.0018013863958692995,0.0015690240262562073,0.0014769945845317426,0.009251466740907474,0.010192270940637738,0.008352596969854107,0.0028086192951214156,0.016100866434024648
1305031534.507525.png,0.06239870881043193,21,0.9316026945496625,1.0146739084945924,0.0022992549480648785,0.0019583305724804236,0.0015634390390730606,0.012329585760115612,0.013844145279391975,0.009712164710463555,0.003400878353633077,0.020928573455831396
1305031534.539582.png,0.048205607861581345,23,0.9447459711702074,0.9075388877796879,0.0013977967915084527,0.0011805156205235865,0.001199658815517051,0.00717245973479552,0.007825380414100335,0.006861313129620811,0.0021878378080422887,0.01263955597065637
1305031534.575414.png,0.06742405424638605,18,0.9434451878551123,0.9111066913907201,0.0017040948367292377,0.0016674611051911317,0.0016789754062270783,0.011259128310797452,0.009889578083783936,0.010400536488618968,0.0029160459812231803,0.018241241302207337
1305031534.607494.png,0.04302633981895759,18,0.9256615972118042,0.999898667266716,0.002784142664053119,0.002388059190071474,0.0017609124442980765,0.014716233151934785,0.015937851154301536,0.010440238806547021,0.004068794625631705,0.024074492807461295
1305031534.639696.png,0.0383438504836373,20,0.9788472469690419,0.9009502917159908,0.002108734753413905,0.001690041939733672,0.0015922206954122416,0.011427822121058168,0.013340017926681214,0.009847692152851686,0.0031365858447065333,0.02013773168586917
1305031534.675511.png,0.050345290904430705,22,0.969502447001902,0.8790858895767695,0.0022678343617362554,0.0016351832981272056,0.0024005444640943846,0.011095102808476694,0.015200868995872193,0.01622971219491542,0.003685038783356296,0.024850981519652746
1305031534.707481.png,0.07465249819545361,23,0.9469470262475685,0.93000543397725,0.0017734942583164997,0.0014038844722252298,0.0014237506693485203,0.009926785159765921,0.0115034349713585,0.007635293774072516,0.00267268394392361,0.017004934306395107
1305031534.739665.png,0.051368989582962696,27,0.9619920001509158,0.8948203647845948,0.0015126668211394292,0.001572952662587786,0.0018169040595508027,0.010262069027632444,0.008725646576661828,0.008876844403100664,0.00283962697411654,0.01613212123267002
1305031534.775491.png,0.07106060750400935,22,0.9541491976687446,0.9214540427192904,0.0023833128407198933,0.0020298467009276446,0.0015082628280061116,0.013786020648578621,0.015316561612751143,0.008315237631393154,0.0034749553212022975,0.02222148964013832
1305031534.807516.png,0.0613807274682054,27,0.97953470071199,0.8692396223258043,0.0016174660577076537,0.0013865068509580128,0.0014615461916908676,0.00998576985484889,0.011199439799997591,0.008992758504670363,0.002583546973839632,0.017493220313913045
1305031534.839569.png,0.05172733194575427,25,0.987394100419039,0.8853105946055464,0.0015478541462254282,0.0016396451020072504,0.0018052525668262511,0.01109499515430143,0.010220805150932316,0.010714465220397491,0.002888464185091514,0.018503068404089208
1305031534.875499.png,0.0529821985066594,30,0.9627701145845174,0.92730853632113,0.0020087445031679828,0.001975918939943747,0.002142036739808643,0.013177363267140217,0.012227485752337805,0.011938893658628654,0.0035394394373863846,0.021579886290011906
1305031534.907458.png,0.07063505115564261,32,0.9517791867210117,0.8841983974240231,0.0011568152846536367,0.00103914192289831,0.001325451808643004,0.007197668818296445,0.007964106680223106,0.00823582287504396,0.0020432474240209093,0.013530048413104389
1305031534.939556.png,0.06267920362258332,24,0.9827577440124604,0.9037506382553655,0.0021471951010169116,0.001822523382352477,0.0019900840552076367,0.012202852219607005,0.013008123460884794,0.009973668717605466,0.003448546480452918,0.020435139978863145
1305031534.975464.png,0.06170716002141404,24,0.9607810646535485,0.9485368422807364,0.00230024899985386,0.0017522546377018175,0.0017897932673895714,0.01233651831271804,0.01475713546528656,0.009446767928495607,0.0034007207642894246,0.021429049337656096
1305031535.007643.png,0.04688866293678998,27,0.9469735748665344,0.9117423024774338,0.0019005467717011432,0.0016059364836428815,0.0015261504587772722,0.01104389825705665,0.01218938533973919,0.00825651642336622,0.002918945913124287,0.018404316535046438
1305031535.039655.png,0.06149906990340343,24,0.9586565703236093,0.9079011992849789,0.001680212049594347,0.0015632436707530026,0.0018380454865077301,0.012209106329363497,0.012441551352239242,0.012322805264860326,0.0029402813668461722,0.021347271652550338
1305031535.075490.png,0.053727847243256396,33,0.9586850902417563,0.8847636451772276,0.001609677445378403,0.0014915942069360468,0.0018270477169751822,0.011214611946796136,0.01166645578545757,0.010366429896752898,0.002855524140403884,0.01921813155630774
1305031535.107796.png,0.062096441560891655,27,0.9654176670180605,0.902862978995355,0.0011787836555545857,0.001210813637846093,0.0013873788875146363,0.008078763691092212,0.007459128083795609,0.007349842166356357,0.0021864173320109937,0.013225928867846225
1305031535.139465.png,0.05200492748498476,30,0.9667543216696195,0.8692577805347692,0.00116329325035167,0.0010955708867590888,0.0012545515797167846,0.008048090016634212,0.008152680145394704,0.007380555020964589,0.0020316068567510126,0.013627565405693194
1305031535.175406.png,0.12257267123122337,30,0.9775995876896086,0.916762413334156,0.0016197785154796905,0.0012900281569980724,0.00139414743344421,0.009857631344830224,0.012037696797026246,0.009837157612115012,0.002496297688825696,0.018407843702979106
1305031535.207514.png,0.07733488737890698,25,0.9660213593961444,0.9136853527715658,0.001287517392737823,0.0011404619723809101,0.0013976736669990943,0.006315850306808851,0.006801595107316912,0.008235400821246032,0.0022162685366336034,0.012408605392568281
1305031535.239511.png,0.05042242384194758,31,0.9468266355497642,0.9542327827676271,0.001088781256131657,0.0011439659155068095,0.0014037863114469877,0.007837619561200961,0.006925587521776021,0.006554974633149184,0.0021129880850944004,0.012343408579040432
1305031535.275537.png,0.063382911348701,29,0.973209106303478,0.8891035025913538,0.0011814849040316356,0.001138144626469097,0.0012148774161300072,0.0076541744252628975,0.007517948310977448,0.00607645472175703,0.0020413737789630407,0.012330013581681109
1305031535.307409.png,0.053701551345546904,32,0.9649485136339302,0.8654067593885844,0.0011908208980621476,0.0012672089222252143,0.0016246615637653605,0.00956015280392952,0.008630660617301344,0.007995405274599812,0.0023797894992215666,0.015159529340669399
1305031535.339468.png,0.05041570612538366,28,0.9890160756623796,0.8728265954883353,0.0014548047617616805,0.001733652095890654,0.0016075628064713707,0.012168067675281804,0.009475367885068087,0.007517800461106654,0.0027760159691868898,0.01715697500378878
1305031535.375492.png,0.07330592623851594,33,0.9800714780266891,0.8193254660599754,0.0012663274165248906,0.0012602398393130245,0.0015506949595801873,0.00957112001164268,0.009240868786818224,0.007637082144952915,0.002365680543966518,0.015340306968936995
1305031535.407712.png,0.054708002758347175,44,0.9472940102708601,0.8753529435373096,0.001088828298555771,0.0009355386674367314,0.0010969075404674126,0.007050348921776015,0.007970093636096532,0.007067630106928091,0.0018066504405499751,0.01277424000930353
1305031535.439618.png,0.052968129203833925,39,0.9868233941602241,0.8640971932905449,0.0013292536245490638,0.001231842213434131,0.000986649629409495,0.00873341648684195,0.008553523281546927,0.0052179452780693495,0.0020634504908984405,0.013291436227343316
1305031535.475595.png,0.04865431627865555,44,0.9769559691677291,0.8729234191816669,0.0013639084840435284,0.0014250053430270265,0.0010073070945251965,0.010816757321162447,0.009752889537998789,0.005202384286284523,0.002214848564390415,0.015465635956775517
1305031535.507701.png,0.07645271792877861,32,0.9424766681368371,0.9591645432171538,0.0014882725401723295,0.0012557297296800969,0.001536111956683285,0.009307922823511635,0.0105556406283288,0.008817837197701338,0.0024802121383661513,0.016607625634269332
1305031535.539515.png,0.0479107124731889,37,0.9667998770294876,0.8843337785773473,0.001514978737661835,0.0013989484837295583,0.0010894886782237972,0.009952860447025777,0.009721794243892959,0.005579223004294816,0.0023322098995747606,0.014990011465312923
1305031535.575567.png,0.05088209255522284,25,0.9910434833305323,0.8199389298432578,0.0006759837880742981,0.00043255649279735854,0.0012478628805762091,0.001840357314290461,0.0024327143314385965,0.007141569443699574,0.001483651229204621,0.007765759987395476
1305031535.607524.png,0.03674014597074807,29,0.929530414396382,0.9598013357625155,0.0015811000969618283,0.0014095370013615723,0.0014905776852789337,0.01008916699596858,0.010462311021553785,0.00775518011989009,0.002590076043414861,0.01647404204426485
1305031535.639591.png,0.02872282388292486,29,0.97568020047119,0.8787566822438503,0.0017163881043939639,0.0014382905686177291,0.0018065057758187256,0.010997889924903168,0.013055939327303877,0.012251808582902014,0.0028771741349362624,0.021012328478076818
1305031535.675500.png,0.05366252940810462,33,0.9715437460991133,0.882631625380324,0.0015486339557349005,0.0013560631688014186,0.0011177774917620297,0.009673122394483133,0.009953032154970932,0.005799099769468783,0.00234234945465545,0.015041998008003769
1305031535.707524.png,0.04811248747451504,47,0.9608142066897174,0.8902471572883294,0.0010672832279203877,0.0009377406178453564,0.0010534325989519013,0.006674708783748324,0.007163580588833209,0.00582940468576388,0.0017686636750642306,0.011395200006623878
1305031535.739708.png,0.05920780713010253,48,0.9724521563834002,0.8422218459128447,0.0012870132676035951,0.0012174288757556353,0.001054314214912796,0.00885796252104065,0.008984629970190318,0.005967178798981837,0.002061580627159292,0.01395687280677234
1305031535.775437.png,0.052890502726028694,42,0.9780476412225635,0.8991025550936013,0.001285718194993905,0.0012427713077397937,0.0010469992569828981,0.00860029520186784,0.008269191386140328,0.005159687506484484,0.002072138809154059,0.01299872989581907
1305031535.807496.png,0.04727886469552718,57,0.9774153850251311,0.8541540772408066,0.0010842223228806093,0.0009683165493267477,0.0008459242934150107,0.00663243975574075,0.006881998502801133,0.004537316236141837,0.0016818926527345224,0.01058009447655567
1305031535.840053.png,0.05551285593535954,41,0.9898337673027585,0.7949547384245085,0.001226508940397811,0.0011186386281397975,0.0012335623403995038,0.007957593120415314,0.008438983186209422,0.007539169380794757,0.002068176155189434,0.013833972691874148
1305031535.875502.png,0.05456265258695429,45,0.9848925228240137,0.8428448332400253,0.0011378300768075166,0.0010418783780216593,0.0009028331463122858,0.007037228282016568,0.007069537853633219,0.004829611987728447,0.0017875333642640026,0.011082693684712989
1305031535.907487.png,0.04812568462000395,45,0.9706585888213856,0.8448408525676375,0.0009662658433423307,0.0009729818801751983,0.0008322748092215137,0.006613455141926119,0.006056937484500195,0.004307581780720909,0.0016040713130107515,0.009948846234765683
1305031535.939747.png,0.06359174030114952,50,0.962099534108344,0.8894765926237658,0.000938779670915522,0.0011907100171528989,0.001000761425758641,0.007848413657882237,0.005989916327886352,0.005407548185738113,0.0018167611419113356,0.011256921068453466
1305031535.975512.png,0.05245976820008533,45,0.9788423664465711,0.9045094153431185,0.0011055697341651703,0.001162629687782798,0.0010729576631024744,0.007750191097150553,0.007181485154254601,0.005952155369114756,0.0019300855874355145,0.012127132579518233
1305031536.007462.png,0.05957010146576755,39,0.9704772764540488,0.9188473468090889,0.0011786958995185016,0.0012900943327794198,0.0011161380938206672,0.008102890316397908,0.007172283300773737,0.0059541709034467115,0.00207350709077373,0.012351138829014278
1305031536.039667.png,0.051543954541504004,48,0.9634792896299637,0.856822582818135,0.0012834541479275618,0.00128756762095152,0.001000648790417723,0.008375141612397687,0.008097071041767075,0.005636934666715109,0.0020751826257271126,0.01294142916837058
1305031536.075538.png,0.0501652263906038,43,0.9801707007099163,0.8566301574995061,0.0014228880305170756,0.0015563490168585814,0.0010746761813670025,0.010204940253736604,0.009039267141964975,0.005997949492382516,0.002366804069724192,0.014893775685141528
1305031536.107579.png,0.03904343559679871,41,0.962351472646798,0.8826695055457984,0.0014840992071185964,0.0016167108936244884,0.0010483258277410867,0.010353041286135813,0.00912404730886889,0.006431119599776832,0.00243213725172803,0.015224749668665953
1305031536.139540.png,0.04652468110014608,40,0.9675688613159856,0.8851676684531018,0.001376470343416749,0.001468925271751017,0.0012509223253324175,0.008641681872641822,0.007580962973828545,0.006137900232933281,0.0023700672404616888,0.013031633990714594
1305031536.175699.png,0.06874733299861359,39,0.9887575811470602,0.831912961035276,0.001518316620483663,0.0015073029752658022,0.0012775573365574667,0.0088866359584876,0.008707592971738426,0.007745030987050598,0.0024918668438489804,0.01465537372469659
1305031536.207474.png,0.045685092040353086,52,0.9805780860794392,0.8166753626702447,0.0010381868253399927,0.0010278679457338272,0.0009257498701003074,0.005577213483172149,0.00548445206802141,0.005270372966686398,0.00172955405239829,0.009431932778136214
1305031536.239482.png,0.03819346371907193,40,0.9564018321003296,0.8768505745267596,0.0013153299521987826,0.001319378188299552,0.0010382454624445479,0.0072308286168393954,0.007033483990111888,0.0063508462055937385,0.0021327928467618582,0.011920068248645567
1305031536.275618.png,0.04135632300144807,39,0.9760321374999598,0.8508200148431418,0.001543647340270082,0.0015475092006386104,0.0011475630962699654,0.007843614202587026,0.007617739832840111,0.006472432431903038,0.002468710776317218,0.012706086160002775
1305031536.307472.png,0.03891991526758293,33,0.9845530189767854,0.8617798963518979,0.0012390587886220202,0.0013616055062112922,0.0012369164085686876,0.006728944218883858,0.005965909816963811,0.006851597893690309,0.002217926607891442,0.011305536871012236
1305031536.339530.png,0.032862519744238365,35,0.9725922928910024,0.8467166114425764,0.0015953908913560893,0.001498967266521609,0.001180574849378969,0.00742609075291341,0.007427257206199492,0.005274802662208198,0.0024871533803349196,0.0117530641367597
1305031536.375786.png,0.03371749672991891,29,0.9649627862387281,0.883049143346548,0.0016857351148467721,0.0019351326775654681,0.0013711141226055035,0.00978200552573617,0.008026306920823997,0.005876643095124414,0.0029097070805181435,0.013951493431180535
1305031536.407665.png,0.03448249614913945,34,0.9563301520397095,0.9232653939965483,0.0025150267359997087,0.0019019124706771624,0.0017447369973515952,0.009204774228680091,0.011310233029077616,0.005792648834640948,0.0036037116586705594,0.015690889722844863
1305031536.439546.png,0.031026482218532995,23,0.9853036716046167,0.8671790425587232,0.0015227950269472597,0.00138787135489656,0.0009361631949766469,0.006154930308549471,0.006299040577716467,0.0035047179119152565,0.002263071611652314,0.00947861418905312
1305031536.475492.png,0.03063266768091582,21,0.9578337295885379,0.9295221092208814,0.0018198911513024017,0.0016433743317115852,0.001297025331012716,0.008913114371137756,0.008564413395989416,0.0072405185594190515,0.0027739786780013155,0.014325428217672137
1305031536.507648.png,0.027286385840783085,20,0.9791066642754404,0.8668542969202193,0.0023792881235112835,0.00231717605725511,0.0010933721953542699,0.011251850128243594,0.009821735554503917,0.004983607406604637,0.003496538232677,0.015745061555745864
1305031536.539583.png,0.036727993457725545,34,0.9745589541224976,0.8661886050553598,0.002069808860687283,0.001990677913701045,0.0009489320082571592,0.009287100162137619,0.00850801978615934,0.00414719726759827,0.003024463461867526,0.01326031203553031
1305031536.575660.png,0.03531455334503706,29,0.9669156572232571,0.873077110044031,0.0022590247945872737,0.0018537142913900519,0.001028015766157865,0.009071554598735153,0.00961942961980876,0.005327634312012281,0.0030977840648006663,0.014255182089711011
1305031536.607624.png,0.03385044550049434,28,0.9806877101377259,0.8347884533456995,0.001810739183842731,0.0018930375218931962,0.0009997679191399659,0.008895527091041664,0.0075421295726567335,0.004914896484863155,0.0028039085832709362,0.012655841662059446
1305031536.639838.png,0.03512192207496199,36,0.9769379902458021,0.8694662294902494,0.0021909995456952523,0.001806698172503913,0.0008742849582361603,0.008727369873321216,0.00918424740240751,0.004625067791061234,0.0029713652558990096,0.013487351012200131
1305031536.675456.png,0.02808295430781964,33,0.9741343879013417,0.8728016245103378,0.001936700667140545,0.001976209108651729,0.0010178890131457758,0.009963229931345218,0.008032138714686646,0.005623505766270954,0.0029482723684055336,0.013978734567195414
1305031536.707472.png,0.03822352546327591,37,0.9585411429534142,0.8732030413684768,0.001528600734360636,0.0012379764862090695,0.0008527361950824595,0.006366716112684294,0.0065797386602584555,0.004416533722188585,0.0021439134786409037,0.010165323655252818
1305031536.739722.png,0.03867296723389514,27,0.9828206173693161,0.8580820950831131,0.0019773151444394217,0.002324985635527658,0.0011978009694757553,0.011062434350535872,0.007733608040074009,0.006664130992471229,0.003278728495669701,0.015053132197726457
1305031536.775321.png,0.027255602800130754,46,0.9576995220232737,0.8998082190299814,0.0013398991382261524,0.0011362649394703645,0.0008238120786371648,0.005687366008289509,0.006044334439486692,0.004177772303291119,0.0019403850273070197,0.009291603324871237
1305031536.807301.png,0.03447396471687917,36,0.9684885513473657,0.8760934661334175,0.0015803704813696444,0.0012192058737868414,0.0009630354747562469,0.005951123337924939,0.006808613400852615,0.004827417436908081,0.00221618391535988,0.010250709464989674
1305031536.839527.png,0.03160972927585794,42,0.9628189667971162,0.892181801087724,0.001234828870051012,0.001271221282467229,0.0007757770555968112,0.006174352851942186,0.005367863279746544,0.00407565237009003,0.001934589343323162,0.009140433883145723
1305031536.875419.png,0.026205272980157762,50,0.9664071162643054,0.8837156643166287,0.0014390440307147654,0.0011489890082098718,0.000872051620446532,0.005508203726841253,0.0061929128664894905,0.004277481910954754,0.002037522390563187,0.00932680704029327
1305031536.907491.png,0.033713849023583445,37,0.9515706685744837,0.865522516278899,0.0014962525527188412,0.0012511589881853032,0.0009970746545550292,0.0065762242447164,0.006280104073784368,0.0055391888313774855,0.002190508703929421,0.010647490098798677
1305031536.939530.png,0.04485055903892003,36,0.9701176124479538,0.9024637585967599,0.0019209370891400345,0.0017208622810984209,0.001034878721231442,0.008875796259280103,0.008626846427698108,0.005302271653239031,0.0027789099047285924,0.013465374974655568
1305031536.975375.png,0.031397981402558395,32,0.9652554086868458,0.8748401285220477,0.001645391289405694,0.0014460529383895132,0.0011014640579988862,0.007906959688262894,0.007355613032147537,0.006654605522915789,0.0024518573912322983,0.012684984401099374
1305031537.007412.png,0.03615988567153944,42,0.9327328729937986,0.9089803871450922,0.0018925743221800701,0.0015346034223764759,0.0011029967026092292,0.008284999254278213,0.0085856435081298,0.007159136756228721,0.002674592857784485,0.013914299342276169
1305031537.039427.png,0.03508218591432746,48,0.9634519635573047,0.9154401634416615,0.0012590504043281045,0.0014862717927212007,0.0008445712844530405,0.007320495105182173,0.005122375108075253,0.004250421569928379,0.00212309029883331,0.009894162867819467
1305031537.075341.png,0.034808790909718015,43,0.9689777978022729,0.8712929745334406,0.001392129544862297,0.0012574684475604942,0.0008633546804239225,0.006240172175870493,0.005878208325658663,0.004843806447561541,0.0020650987556285532,0.009846600571049375
1305031537.107337.png,0.038933496557316274,43,0.9692257248581555,0.914097426808056,0.0013824677050847435,0.0012993472117481257,0.0010273061766611531,0.0066266581771635726,0.005862983264506462,0.0052131732566120465,0.002157516654138749,0.01026958357287708
1305031537.140656.png,0.029764778854331108,38,0.957309833987393,0.9120348873957834,0.0017582351826401555,0.0013811369099992657,0.0012585615118831039,0.006818901837610886,0.007358207209704344,0.006348124663092687,0.002565717677537703,0.011871786822129334
1305031537.175377.png,0.031163312771483237,41,0.9895148223558233,0.8871262273444276,0.0017327991214783987,0.0015101817914852569,0.0012786617358350018,0.007152584197117466,0.0072106434392958324,0.006753375786789095,0.002630250496325114,0.012196758750713394
1305031537.207445.png,0.037284994081754,39,0.9589186581843757,0.8935928243131116,0.001645656037610371,0.0014130907556947358,0.001077644171460992,0.007152860383205446,0.006783996115123426,0.006461810803890049,0.002422050007377477,0.011787324285727863
1305031537.239415.png,0.030454994494647454,41,0.965470773458931,0.8563324573673935,0.0016467427075576848,0.0012281573458543102,0.0011366483764261048,0.005840368799877977,0.006867938143913445,0.006575827850304299,0.0023477865198314814,0.011158852718091005
1305031537.275504.png,0.029897465332352765,40,0.9679043353577566,0.9364435306916812,0.0014846694782896638,0.001178669827973642,0.0010277235176746463,0.0055995831240097755,0.006128047966496384,0.005999178456937925,0.0021563213239037143,0.010241994200377368
1305031537.307646.png,0.04458867572865485,40,0.9626831543125238,0.9041019615025394,0.0019895308034304777,0.0013246849208406147,0.0013377444174837853,0.007043978268575668,0.008460281825525126,0.007844911184982208,0.0027390843513499653,0.013518011315120874
1305031537.339718.png,0.0351660695258698,41,0.9819058956428554,0.8518844420664357,0.0017494640178060603,0.0011698837233157285,0.0011559340405370541,0.0059849267747321706,0.007520624500603959,0.007005827971494937,0.0024011321874793804,0.01189372805070687
1305031537.375388.png,0.028902988830177632,31,0.9815164540385858,0.8285967962317218,0.0014994266007096184,0.001317908159518838,0.0011956821482488687,0.006729161637392258,0.006928347799133579,0.006906467850493388,0.002326976116655038,0.011873622772254873
1305031537.407396.png,0.03499053547718775,35,0.9849420431846616,0.8900074787754241,0.0019938149611509275,0.001519473226045306,0.0015399556438527868,0.007524413753443748,0.008673135922370232,0.00919049529643652,0.0029420333731981787,0.01470732106315573
1305031537.439649.png,0.0428070832448942,36,0.9806953168236269,0.9065788545316403,0.0016884292192974873,0.0014697423550702512,0.0013147578679140474,0.007256088029059893,0.007283891444517423,0.007561437043782617,0.002596059334858674,0.012762492633810544
1305031537.475520.png,0.030780371289130578,29,0.976655381627758,0.8843095923088752,0.0024075717615171435,0.0016286756864948967,0.0017958780312107197,0.007818957356837498,0.010577804418717016,0.008558930599205405,0.003416747602855627,0.015693353162109333
1305031537.507492.png,0.03640341338846371,36,0.9732596737691418,0.8751113029745603,0.0015834373795385122,0.0012298110568792473,0.001206910846873288,0.006295056429724046,0.007124936199450713,0.007446319061610658,0.0023401587473593833,0.012076428233006623
1305031537.539497.png,0.03140791534204555,39,0.9689934443555651,0.8610491564997046,0.0012270664309287787,0.0009323336814457818,0.0008985660641687612,0.004296730220213305,0.005232452508138787,0.0047319869717254446,0.0017839167836943164,0.008260275451569488
1305031537.575529.png,0.03813592948692955,30,0.9423665456493756,0.9080152475987331,0.0016336705521691618,0.0011798482074250902,0.0011473214488614517,0.005956476038803311,0.007119393422998396,0.0073118153733451215,0.0023188936527159744,0.011816429814718017
1305031537.607507.png,0.03631723239564,38,0.989770373148119,0.8504323413631665,0.0013849887163030674,0.0009607479667007858,0.0009769228608018763,0.005186804734570677,0.006449043969507251,0.005478286480199736,0.001948232192466759,0.00992495512505431
1305031537.643442.png,0.03731413017043914,33,0.9723569487483822,0.8774590268908572,0.0014853954558657506,0.0009059327807604818,0.0011350434600006357,0.0047963307468045025,0.007143801911832333,0.0065152717327601655,0.002077363116947361,0.010792935659029251
1305031537.675306.png,0.04251354292507767,29,0.9719872851398036,0.9056992617230663,0.0015937843905367113,0.0012208694176409772,0.0013415989097900947,0.00572573107817594,0.007579650422639916,0.007669489200797529,0.0024146549346023474,0.012208855864091655
1305031537.707483.png,0.043353980134733766,29,0.972639983579691,0.8806674501938994,0.0016381553618450403,0.0011952069362947204,0.0014045843032736397,0.0060532154288761636,0.008363608390475253,0.007639130136492413,0.0024667650222733747,0.012843195536153729
1305031537.743426.png,0.05356685116687062,29,0.9904715729934508,0.8737311304196712,0.0015708379411378775,0.0009295412427456622,0.0010990902674459268,0.005285363691314698,0.007775281789007475,0.006894261526778998,0.0021306285868911536,0.011658512694489125
1305031537.775469.png,0.038916378146879683,32,0.9684329596931892,0.932263089547902,0.0018202150899278376,0.0015163762518019032,0.001603759317108379,0.006953220985271582,0.008254759298753163,0.00726537144292793,0.002860878162005808,0.01301053247773071
1305031537.807576.png,0.04594721272940727,33,0.969778369916202,0.877314865538516,0.0013602085714135787,0.0008599915641532271,0.0010796219172817655,0.004553860737933141,0.007069923846809437,0.0059216285274445845,0.0019378690183902622,0.010285288291400452
1305031537.843458.png,0.0506240264428875,33,0.9917678864707417,0.8729940561277513,0.0015204965563057216,0.0009756010674824467,0.00112828942557117,0.0059340537707904826,0.008314686811149394,0.006095896152492178,0.002129963438293289,0.01189566983503255
1305031537.875571.png,0.05555012183732932,39,0.9762500495382657,0.9044678130966923,0.001372470992328336,0.000927959671916325,0.0009798093314664156,0.005124878717755995,0.007065329445373419,0.005662639203244663,0.00192478884647497,0.010404265701600105
1305031537.907514.png,0.046203116089231076,41,0.9684233319103694,0.8748887973092063,0.0010906356709437922,0.0007763835632747092,0.0010318207607750353,0.004276285373889639,0.006000110993716035,0.005174412265383386,0.0016902401268531412,0.009003471043325708
1305031537.943469.png,0.04169322965633027,40,0.971627080471106,0.8454562277653409,0.0012774282258692278,0.0009175357907151404,0.001155106489892088,0.005383179728449177,0.006999439354122385,0.005748836590247343,0.0019514009845445607,0.010536597999458365
1305031537.975426.png,0.045600603829634725,39,0.9745119054967477,0.8840844673455331,0.0012903898037068165,0.0008772397789836119,0.0011592356820070379,0.005305728028955014,0.007279296789992479,0.006411106434762587,0.001943831999371359,0.011056274118883264
1305031538.007529.png,0.04375127913181361,49,0.9708498588606959,0.8609409410963811,0.0010470710696087186,0.0007578844495299391,0.0010658468350552652,0.003924727857749371,0.005967419213863712,0.005042249111037691,0.0016753435884761581,0.008742874637620293
1305031538.043452.png,0.043228704633529756,47,0.9740966240280909,0.8890032120474106,0.0012290216140020869,0.0009726944582685515,0.0012604531865215408,0.005035078743509972,0.006667571479118792,0.005673626231931077,0.002011310734879857,0.010099433746609794
1305031538.075565.png,0.05589212059836517,40,0.9638794618010035,0.8393507005291745,0.0014450045055129789,0.0009540396240196223,0.0011373931777308743,0.004549892124671204,0.0071747525998313,0.00532871017252216,0.002071688409462448,0.01002864623554307
1305031538.107629.png,0.03924634702912659,54,0.9676449620289094,0.8375984553225616,0.0011556883694309,0.0009238728863626685,0.0012892324883888601,0.004624549987123542,0.006463399320505658,0.005357406324939955,0.001962467102020126,0.009584560286743675
1305031538.143487.png,0.04935780941187993,32,0.9843422459101379,0.8334782683640758,0.001438947201941692,0.0011091926549700996,0.0013067836805605267,0.007189950885726016,0.008396794273587239,0.006746823004592679,0.0022379814529157206,0.012950720770188844
1305031538.175565.png,0.06704494718175967,35,0.9757214986509631,0.8571230269442954,0.0014185804659336278,0.0011282384109929607,0.001273769984744766,0.006118981575392475,0.007817508321633332,0.006195733803039448,0.0022153515351756416,0.011702242914797344
1305031538.207697.png,0.08080882753844026,22,0.987982035347914,0.8926126794372748,0.0019360278723117683,0.0011966443959264697,0.0015949792889305386,0.006965024447350013,0.011107486755354546,0.007933275081458734,0.002779230228820136,0.01532399037753072
1305031538.243517.png,0.06972563663587444,36,0.9709588916654428,0.8967006302804013,0.0012432605101133163,0.001102854241393955,0.001313387092180859,0.006860919473099354,0.007769281465295622,0.006199055255562973,0.002118246875997968,0.012077343936680073
1305031538.275489.png,0.07343021405564736,37,0.9852431960380403,0.8598408298242216,0.0015247750894717075,0.0010925504346604436,0.0015454023805119657,0.00716243157145742,0.009543214824629815,0.007212548636679387,0.002430406147836659,0.013942533236155831
1305031538.307386.png,0.07749809467773616,37,0.9806816786435629,0.8260959636693367,0.0012293947354769142,0.001091588382575394,0.0014392094092232613,0.007006525920454279,0.00827752114268885,0.007394554566910566,0.0021850172393344373,0.013125859933150153
1305031538.343413.png,0.07229438186271561,36,0.9738405155176424,0.8660648236470654,0.0013542472239642235,0.001020492215514124,0.0014727269069305052,0.006549298564745324,0.008675886921032022,0.006404454885593807,0.0022459551304371207,0.012616709869784437
1305031538.375553.png,0.06981675800383773,36,0.9857386884628198,0.8608882609783711,0.0014367129769615533,0.0011440809840928508,0.0015675947063920291,0.008187628877006227,0.00996907746421291,0.007030667656779402,0.002414625983427021,0.014691836502464486
1305031538.407511.png,0.06944184238214653,37,0.9814556697109378,0.8817650926714578,0.0011148815595144236,0.0010205813315360285,0.0013705277568807908,0.007013611329646379,0.007721363238088435,0.00680524033046569,0.0020403170043907046,0.012454777801841522
1305031538.443598.png,0.07246236048551175,33,0.9827043238852946,0.7998676182419597,0.0011749988549996698,0.0009280282162148559,0.001193853651828555,0.006939309120761664,0.008337788872422832,0.006472359169514187,0.0019149791699456784,0.012631871103434299
1305031538.475570.png,0.05255851870653386,30,0.9694759111456944,0.8417591979862684,0.001434982448537419,0.0011050298258276454,0.0015094359668926761,0.009091568223324267,0.010301604900247499,0.009595093420287268,0.0023576815904036643,0.016758445453687012
1305031538.507548.png,0.06199781158120628,41,0.9839855121933428,0.8392615016367334,0.0010397055544784637,0.0008272398188876616,0.0010603377249915466,0.006545201630743536,0.007812127304207949,0.006309296067553876,0.0016998910109200852,0.011986501335764744
1305031538.543450.png,0.055313449206738204,36,0.9683996661767404,0.8963977337968204,0.0012712821329744644,0.0009223091546167979,0.0013364448903995967,0.0069631325169796,0.009340173137776037,0.007986136860318875,0.0020622554117725686,0.014124532935442346
1305031538.575524.png,0.06019992538603289,42,0.984220936143938,0.8498767348155218,0.0009300645804018926,0.0008628544971213313,0.0010665783388523903,0.006661162405649339,0.007280007402143559,0.006616180023957584,0.0016574460352692566,0.011880380064590378
1305031538.607517.png,0.05444495985058449,35,0.964367839417024,0.9082970405814578,0.0011442439298859528,0.0010568459754330788,0.0012141918029534766,0.007709270592272114,0.008256610402713962,0.006657161578755077,0.0019749631189542147,0.013111913235402712
1305031538.643479.png,0.07316627445067506,40,0.9675944171601717,0.8752615668979764,0.0010079467227634364,0.0008966579822261103,0.0011008454784719813,0.006882594140908937,0.007540712738828859,0.0068458409359872414,0.0017412101827440467,0.012292192190120057
1305031538.675433.png,0.05810483600465581,33,0.9136054388543065,0.9440249005298341,0.0010756716682203517,0.0008904127710115508,0.001379851795656787,0.006466891325867323,0.00808338235671005,0.008278206335180142,0.0019631340806398534,0.013254827568594243
1305031538.707490.png,0.022261179284718376,22,0.9282295803186881,0.979129219979849,0.001535693523183418,0.0015344738274748174,0.0021200076877633586,0.010694726733903778,0.0107688319605155,0.008378712226371054,0.0030343693118222207,0.017336312764801978
1305031538.743572.png,0.0334398878490101,34,0.9309993181133147,0.9456686080685115,0.0009694207889661716,0.0007636580366123636,0.0010735325344129263,0.004999531827393597,0.006164871991097845,0.006367784456928305,0.00163567183915524,0.010175934554115508
1305031538.775491.png,0.0322911927408416,33,0.9925461553372338,0.8433427714544571,0.0010045313330818942,0.0009729890453880417,0.0012335435490399011,0.005509585052028147,0.006117332718651682,0.005393568124184615,0.0018647843223725297,0.009842147334115595
1305031538.808089.png,0.01934579008874258,25,0.957620379313081,0.9483196488778465,0.0015636947924094755,0.0016759954878238234,0.0015353556042497216,0.008653423492786796,0.00842633727693544,0.007745842742017037,0.0027588800464165447,0.014348622854972676
1305031538.843518.png,0.05124049524485295,25,0.9444451879658967,0.9505649085363014,0.0012308951726722967,0.0013014829131823035,0.0015068164948853987,0.00623856596058393,0.006580407021851654,0.006573079853590018,0.002340823925175103,0.011199412510460627
1305031538.875656.png,0.055231681561275635,29,0.9558080577054124,0.8912290662425484,0.0009486073785719603,0.0010192626357508091,0.0012012134898363514,0.00516086953547179,0.005482990748471089,0.0059948824609300615,0.0018389307021972523,0.009624779354891583
1305031538.907498.png,0.03899861936123804,30,0.9640925476527076,0.8228034218832885,0.0012593955919642382,0.0012536179323378125,0.0011133248628207258,0.005697588160927905,0.005902168489774132,0.005080174929008008,0.002096932861946866,0.009649159602916204
1305031538.943414.png,0.040541816106398176,34,0.9937197996162735,0.8314988004544306,0.000978620218839239,0.0009950913861413986,0.0011714387266362123,0.004897367371195046,0.005118277567250584,0.005050666900376892,0.001822134212882476,0.008700011986338246
1305031538.975507.png,0.043307330461520986,37,0.9568725270167362,0.9051295525234593,0.0011833822787961773,0.0014286046277120852,0.0012355406510751665,0.006163826890929942,0.005159787615989509,0.005098051747702891,0.002228870902620532,0.00951873425439151
1305031539.007520.png,0.04418925236372315,42,0.9872868615730921,0.7908862738626868,0.0010391497134211636,0.0012909621623813383,0.001220215519828036,0.005666556960449326,0.004801860256663456,0.004671402114413014,0.0020579944962105198,0.008774379033588822
1305031539.043445.png,0.04491031235806948,40,0.9525585350358078,0.8958913753271466,0.0013282423937771846,0.001387454747122332,0.0013100132618172077,0.005662993140636401,0.005497488421823693,0.005310001516262852,0.0023249501667941615,0.009512517351452993
1305031539.075515.png,0.03953909585483754,45,0.9841650089172107,0.7974234285628609,0.0010705162337199565,0.0011967489371415407,0.0009220506037495255,0.004812392762402723,0.004304208637514837,0.003321399413813361,0.0018515912996885226,0.007260649431074549
1305031539.107503.png,0.0378719291177164,47,0.9659744084602789,0.8606778247825262,0.001347918344250892,0.0011765443410864606,0.000981987228172066,0.005034801374010654,0.005643830871802837,0.004646131465989097,0.0020409408040420224,0.00887629367385444
1305031539.143607.png,0.04507960380577494,46,0.9733076420654779,0.8392411533435918,0.0012754779575310158,0.0012850110113298082,0.0010906959634845897,0.005303211944849133,0.005300418869930985,0.004597433356134062,0.0021136969991339643,0.008795162908826936
1305031539.175587.png,0.03633358213537705,36,0.9891803590489339,0.7978634882349026,0.0014188181383460391,0.001205164556812662,0.0009116596466652448,0.004857186660186249,0.005406436650956529,0.003954433968236153,0.0020728217072519717,0.008274017616722678
1305031539.207601.png,0.03307185854429262,45,0.9755454135219308,0.8281215380773883,0.0015944442927725852,0.0014240158490058839,0.0008917200424521981,0.005721307911512907,0.005986647279782963,0.003913767447881145,0.0023162984209911227,0.009159196771931862
1305031539.243449.png,0.03460620295615957,40,0.9814038193400556,0.825621436656693,0.0019403805416493127,0.0016023469167793926,0.0010600984107413398,0.006341980039689459,0.0073369688514451645,0.004165879600944434,0.0027306411204294167,0.010554921866146667
1305031539.275652.png,0.037633517713314225,47,0.9926239173729365,0.8127287800299886,0.0015200923088704691,0.0015023910721253572,0.0009860315249266096,0.005965341007263557,0.005838309846987192,0.004009286500914033,0.002353745468235304,0.00925988841448855
1305031539.307521.png,0.035020306903672895,39,0.9873743322676598,0.8482306931718642,0.0022633485254561596,0.00202942918060046,0.0012847845302453023,0.00831215278698023,0.008516333300237447,0.005020009522628983,0.0033003031127329606,0.012915893791841203
1305031539.343842.png,0.035132697361315676,36,0.9715676569543655,0.7889391039411896,0.002433996666553709,0.002102942171616545,0.0012605449649715674,0.007213931179935205,0.007810530426084516,0.006399111346586098,0.0034548052273135526,0.012409424427895124
1305031539.375556.png,0.03910142306840938,32,0.9823436425010496,0.8278844143409066,0.002781675188953015,0.002114046122551859,0.0010715290386121858,0.007274276573437095,0.009019807216321889,0.006098483151508288,0.003654460609406332,0.013094407914667185
1305031539.407846.png,0.02862551572597112,31,0.9712011364631514,0.8723515717421779,0.0037281962396486764,0.0031229345373129163,0.0016129094286188783,0.009927145104601147,0.011413839561896962,0.0073599892173939535,0.00512383100332164,0.016822407222293903
1305031539.443431.png,0.055649011852090056,32,0.9508264994093579,0.9219985615717863,0.0022961175077634254,0.002503913636652785,0.001684585902038013,0.010040187718107026,0.008484332281604187,0.005002048482559198,0.00379204018578637,0.014064485511435207
1305031539.475605.png,0.034545959307982876,35,0.9682091877298187,0.8953378458999586,0.004852486155388011,0.006379786933897834,0.0024105646503181743,0.021985046279037627,0.016702498591595786,0.009203420034051996,0.008370132922691816,0.029103584992520682
1305031539.507506.png,0.022611801602401716,40,0.9483303438547942,0.8944132088805479,0.004034078600630183,0.003875326098811158,0.0023559853399315184,0.014701891879371052,0.014318374550179392,0.007374486956525548,0.006069811319156594,0.021806983570955125
1305031539.543459.png,0.05583385208853381,43,0.9800087546414588,0.8255742862107962,0.001712148328480248,0.0018497233707261526,0.0010535269309310297,0.006592941812801843,0.006021299810642225,0.0032324470227770644,0.002731821268151557,0.009495875257799633
1305031539.575448.png,0.05209145087077622,41,0.9743125107574994,0.9107713463770348,0.0013423757612116144,0.0013020913836160836,0.001092522148591934,0.005205252867398859,0.005275712057339525,0.0029199739645625654,0.00216587610466057,0.007965804609657765
1305031539.607559.png,0.04741936792291436,34,0.9693048253374286,0.865230165573449,0.0014884732003378226,0.0015224441689279818,0.0013338639142367445,0.006306806313622243,0.005824883937849287,0.0032029160592301088,0.0025124851556436512,0.009163173579575698
1305031539.643437.png,0.06330507012306849,39,0.9619251792400626,0.9102337996724977,0.001406099354125295,0.0016263424917104916,0.0010109542345639179,0.005813405407982975,0.004945723290968721,0.003049570913244516,0.0023757385711389582,0.008219230138115319
1305031539.675458.png,0.05881993238805243,32,0.9456867316465294,0.9401521102656001,0.0018777878997281972,0.0015290349934899544,0.0015532177068179529,0.0061146717610030725,0.006403454881725241,0.0042885265670628055,0.002876894272032825,0.009837931961723598
1305031539.707426.png,0.051838461470700856,40,0.9547494247547637,0.9279484438356784,0.002219116459488452,0.0021122450164980985,0.0013678142007020864,0.008281980491664093,0.007446989061047923,0.0042320739272016916,0.0033551412128457283,0.011914667291409038
1305031539.743465.png,0.05333483741745713,46,0.9746625739757478,0.872889970280634,0.001464564319629143,0.0013800481613163986,0.001131539947668894,0.005414803273494922,0.005092175333550971,0.0035469352932357276,0.00230864987104023,0.00823596345867789
1305031539.775488.png,0.05775612792657116,46,0.9735966278883914,0.8354819353072114,0.0030324123318952864,0.0020410874846312687,0.001271863557525235,0.00802450401591043,0.009887807329200712,0.004931217063293051,0.003870297091892269,0.01365570577473279
1305031539.807653.png,0.04581525338096076,39,0.9814272185877001,0.7967516854186497,0.0022009014035663573,0.0015167539584164576,0.001151439977636432,0.0056887075965503285,0.007255143713878996,0.004430791798352624,0.002910382033460855,0.010228901230749871
1305031539.843466.png,0.04236279697498789,52,0.9777832815522562,0.7785226282380594,0.0013453984616842627,0.0012017710879447716,0.0010068290490595807,0.004436005054979866,0.004607906696286427,0.0031833630602069295,0.0020659272742651323,0.007144560542299173
1305031539.875593.png,0.03662160337462216,51,0.9916612622668017,0.729355650827064,0.00147608103981793,0.0012326953549739825,0.0009515300806703583,0.00466387720553141,0.0050723660882362265,0.003034883381316264,0.0021456380330113823,0.007529353588426698
1305031539.907642.png,0.03151513829800151,49,0.9871234184434645,0.817020128178615,0.002255466852356772,0.0016308228788217112,0.0014514203961738302,0.005684637797296296,0.007685970699202755,0.005412254547578387,0.0031390022539969442,0.010985524646699215
1305031539.943541.png,0.042584025951822445,48,0.9689106752356214,0.8303800186437776,0.0019909981669821125,0.0018255653722530209,0.0014251318007475575,0.007101514766094909,0.00707617915981875,0.003906947253979538,0.0030541387130903893,0.010759556697201585
1305031539.975883.png,0.029746150243364505,45,0.9845101909780344,0.8117751830886333,0.0025278877132556645,0.0020613297952912757,0.0012299064183551509,0.0077346637471849295,0.008428828267325675,0.004341103963845781,0.0034859670987683923,0.012235822525151414
1305031540.007422.png,0.03644308624481009,39,0.9700021971648857,0.8843653178415428,0.0020617002063780033,0.0017506297412818556,0.0013672065202642734,0.006687427830072753,0.007011246370540161,0.004311823092925856,0.003030604873798764,0.010605238565705763
1305031540.043468.png,0.04162054342024135,38,0.9835143107557629,0.8305515828088921,0.003166723308458106,0.0021204446727405932,0.0015864834793915834,0.007140138625434848,0.010082034323942895,0.005688792156570561,0.004128117240688331,0.013601152594550508
1305031540.075632.png,0.05721220693947064,26,0.9743909067765095,0.8547970899944222,0.003997257709401531,0.0028556922591022635,0.0017677984433897077,0.008604045271467799,0.01239271028890273,0.007698396785303086,0.00522093466828667,0.01693736037291844
1305031540.107421.png,0.03810471957314132,37,0.9790116978409626,0.8887024390539369,0.0036512144161500526,0.001948700157121645,0.00166068583995067,0.006856942205309403,0.011741759038472193,0.005529921143354351,0.004459448001051314,0.014678780248243187
1305031540.143443.png,0.03959933998305571,36,0.959158503665038,0.8860901827287148,0.002648444817821721,0.0020092929810057157,0.001412185537627858,0.007208724325229866,0.009029739622426723,0.005149816627019385,0.0036118951021937014,0.012650000606241456
1305031540.175595.png,0.04841697243236402,34,0.9907588785223289,0.8375723043168395,0.0027040122843007227,0.0019550423278497497,0.0011340345779001773,0.006520493817901359,0.00866004204054681,0.005351105953567142,0.0035241888940870654,0.01208914813788092
1305031540.207411.png,0.04933977972312828,38,0.9741463687318654,0.8598738164988651,0.0018697707261712464,0.0013689338358163306,0.00084571434936503,0.00498418148654126,0.006256389645641964,0.004170367959128767,0.0024668309986725233,0.009020889390930611
1305031540.243496.png,0.06466628751020048,32,0.9892534718753649,0.8778939629223549,0.0019550509466431335,0.0015794042696387128,0.0009500615765230029,0.00575302132293941,0.006616779354110142,0.004567587661671214,0.002686886497436872,0.009886449332810281
1305031540.275604.png,0.04372733859974664,45,0.9592609504755077,0.8495117011472757,0.0013071748111388923,0.0012085156229148472,0.0008331004008919274,0.004685765910695505,0.004791572397538207,0.004251086933214422,0.0019655208662518824,0.007936454392512598
1305031540.307411.png,0.04519612555489771,55,0.9770981157881217,0.8498571785925102,0.0017041564322980928,0.0012472858199927227,0.0008941548997210224,0.004596787988044579,0.006078529437276313,0.004293940115540488,0.0022933347002112433,0.008747393991510472
1305031540.343456.png,0.050953916707982085,57,0.9841089317878892,0.8076672867505176,0.0012214102898099085,0.001186389715697142,0.0008375499291020074,0.00451365544317082,0.004508957285478425,0.0036437964531933365,0.0018975915095995365,0.0073471786322532595
1305031540.375438.png,0.05257141048560455,36,0.9934916292961721,0.8344608306422874,0.0016845028352445177,0.0014462974769247226,0.001038697034363865,0.005306013585635343,0.006014064322571614,0.0039030499385924572,0.0024511666044767185,0.008919447778316894
1305031540.407504.png,0.05130426743727375,41,0.9757869899796245,0.8888992897109187,0.0017369430277862606,0.0016186512350130893,0.0013219772986776818,0.005925956854911624,0.0063814215674672286,0.005392396996921229,0.0027174669971508103,0.010242922006947775
1305031540.443453.png,0.0359699016007438,46,0.9648641452859777,0.9138344432877343,0.0016069955495609874,0.0012279861916752006,0.0009715809158247064,0.004825447111868441,0.006107990612696725,0.003972946417977365,0.0022437366733305754,0.008739381694053073
1305031540.475476.png,0.061677546424983604,36,0.9793317513535792,0.8655667110755599,0.001468120737940912,0.001599273555822586,0.0014085331611305815,0.006291962424399815,0.005776094237624962,0.005153765477088739,0.0025878601340741146,0.009975638043995743
1305031540.507525.png,0.040593715623032656,29,0.9861950471728531,0.9250197101048951,0.0019115022034228287,0.0016586523806699069,0.0013337359638569796,0.006844305989818635,0.007716744440117176,0.005608120254004093,0.0028607376697065015,0.011740684904200332
1305031540.543427.png,0.04565069281445825,23,0.9509264485053559,0.9026513147330155,0.0018861040005233943,0.0017678508368343421,0.0017625941987103944,0.007349767232840445,0.007824849977012265,0.006650752704134478,0.003128805393662855,0.012628533844878272
1305031540.575635.png,0.05578870436891445,23,0.9499843737066398,0.9315486944390068,0.002470459448181806,0.0018376132976908417,0.001619067734924986,0.007888102916807613,0.010188740435585503,0.006220795927416172,0.0034787027535039677,0.014308420641721485
1305031540.607508.png,0.05198417561587865,33,0.9468106489770928,0.9055631429731394,0.0016863252955729986,0.0013719970814051936,0.0012302619986672388,0.00594486237541793,0.007269501822652833,0.005013349109485785,0.0024979218521079555,0.010645220275118524
1305031540.643443.png,0.055389329509922,34,0.9702996736964029,0.8524107469784035,0.0013456436028639336,0.001075479932037066,0.001053166192311802,0.0050588645894028145,0.006258424194775578,0.004478980175153156,0.0020190524556760827,0.00920984515315437
1305031540.675895.png,0.06072999823543411,36,0.9789128281055233,0.8766669230691488,0.0020621777349557955,0.0011515914226930333,0.0013286729205622073,0.005504162850252787,0.00953380150743898,0.007316117731565424,0.0027100021301103964,0.013217971044281896
1305031540.707442.png,0.053580115411028875,36,0.9852172090302642,0.8519319855564135,0.0012114668807017771,0.0009258307507774291,0.0007840551842614069,0.005236771589129867,0.006195985667008274,0.004881961643234276,0.0017145136669299492,0.00946823978089383
1305031540.743545.png,0.05454917781120445,28,0.9501035791845188,0.8788668857388723,0.0019402386398995445,0.0014599268363433013,0.0013121013411451917,0.007412044611394107,0.009114252636644286,0.006454886609905126,0.002759985919650607,0.013404236926905098
1305031540.775513.png,0.06419317164038986,34,0.9586689601067533,0.878056294450496,0.0012375248187962151,0.0011232579965599462,0.0009705981781419147,0.006279987659727431,0.006345903392057013,0.0059824288133833135,0.0019326761310123517,0.010747008391866472
1305031540.807495.png,0.07069163777673927,20,0.9610964477696617,0.9489629688859942,0.00175364662727886,0.0017072616082737413,0.0014645848606346802,0.009151379801233242,0.008878045335955815,0.006609787699885792,0.002852196961370702,0.014361641086284955
1305031540.843557.png,0.07045704908284774,33,0.9791981498906217,0.9104180613709727,0.0007649905566542264,0.0007279831925867133,0.0010211861987273721,0.0035565020363860053,0.0036238308918846046,0.003640133092055021,0.001469010324310264,0.006247513585072786
1305031540.875472.png,0.06848513341818693,25,0.9886304824267579,0.8886315487030874,0.0008396172653854341,0.0010252031655358133,0.0014679661767531891,0.004820020322898144,0.004063918441982768,0.004900520443176859,0.0019776054659737725,0.00798518187834398
1305031540.907447.png,0.06301691450672921,21,0.9474508280867736,0.9562974373081949,0.0015124611617831122,0.0014254366081005233,0.0019437794191917545,0.007364424655411179,0.007121253376322433,0.010994363860877435,0.002845643463276607,0.015027409519287731
1305031540.943442.png,0.028448890299034676,18,0.9887494699972442,0.9377309406307673,0.0007934899387044799,0.0007046398727584821,0.0016069950932498746,0.0019123836017833314,0.001945339880764856,0.002432311071739598,0.00192576656499055,0.003654818113363652
1305031540.975401.png,0.026671786694762663,23,0.9750625125318011,0.8359172355399255,0.00048075302556785425,0.0004530669359474999,0.0013334828063943848,0.0013253550064144966,0.0011844252389093693,0.0018886928293038552,0.001488142975318886,0.0025935669729269164
1305031541.007473.png,0.026319605877332182,24,0.9362088374036452,0.9702797654392784,0.0009714236598196136,0.0012352702502867986,0.0020932752341356045,0.005539133120201414,0.00394715591509849,0.008950754518687197,0.0026175098326360518,0.011241798877190809
1305031541.043464.png,0.024014231808894088,16,0.9919030059886524,0.9001422899869125,0.0009918131981696689,0.000818650418968066,0.0024563527054918604,0.002618931086158241,0.0026942592351947786,0.0042581650049025215,0.0027726432410819317,0.005678890918960746
1305031541.075485.png,0.06120768304902126,9,0.9949527274624221,0.7733678118463003,0.0015322784402212232,0.00272102162178529,0.003813963042432759,0.013997282294558258,0.008711530547006189,0.02510757700253465,0.004929315365609385,0.030036729166858078
1305031541.107513.png,0.03596115173085096,11,0.9602609043662949,0.8716640036784102,0.001311832974203181,0.001774183182531239,0.0026756727203554,0.006756946028840602,0.004282627391348636,0.011225453174876191,0.003468119984060169,0.013784339519582807
1305031541.143507.png,0.044155033654592446,7,0.975027328314226,0.9459510675739963,0.002416549219546934,0.0028780903230789245,0.004943237506087074,0.010222089045180646,0.0075296851089394,0.017815020481222087,0.006209566094332148,0.02187606493484942
1305031541.175472.png,0.030717351762116325,13,0.9566201370593918,0.8933630303628474,0.001391788139373525,0.0012447836733934373,0.003611283634741323,0.005460063957943998,0.005021641730838352,0.01067079648119258,0.004065455707420533,0.012995964051995844
1305031541.207454.png,0.14567760919396316,6,0.9996819378636467,0.6483220454037416,0.0014454427515618227,0.0011743722684753569,0.00269512963965562,0.005260182402972344,0.005120419112752099,0.013342795233166468,0.003276000419346249,0.015228867175104875
1305031541.243593.png,0.033554712470970305,8,0.9796965952630743,0.9309906901712746,0.0018611375902081151,0.0025051905164677718,0.008438231029885427,0.01346841381099374,0.010208928976506248,0.02670221025484575,0.008996863651695906,0.03160108279672558
1305031541.307436.png,0.03277320065084138,9,0.9954898671670098,0.7938935310615737,0.0020466299370195274,0.0019615955683442233,0.008209723676524588,0.010777136507032709,0.010347305378269932,0.024806969107725653,0.008685396601062077,0.028958575866123767
1305031541.343493.png,0.02880518797899199,15,0.916029194398887,0.9910446873595118,0.0013126454845193965,0.0013550185523518107,0.0035466361845281178,0.006045043469666258,0.004479642224261696,0.010443985929580395,0.004017180811296764,0.012871930201209771
1305031541.375507.png,0.034370912795239524,15,0.9659485081220202,0.9652837089474863,0.0010406731439960564,0.0015008550233684733,0.0026189332724543993,0.006834119245598029,0.0037859849855506594,0.011156040310034648,0.0031928635860890963,0.013619695428789382
1305031541.407707.png,0.03871828232696706,16,0.9304139643105762,0.9865253968144343,0.0011709677797027676,0.0015688991679112475,0.0039520501566361246,0.008081432357514533,0.005212989352098593,0.012611182275926202,0.004410363996400098,0.015859594109901155
1305031541.443699.png,0.021319631473614126,17,0.9872492037910424,0.9210286981306527,0.0009582300837431941,0.0014450096835844169,0.0029468551368015718,0.006480031200890255,0.0032947294236148235,0.009221779908020325,0.003419095359351218,0.011742541079822196
1305031541.475389.png,0.03782637472030722,15,0.9441870436586293,0.9193334622308903,0.0010103020239200383,0.0014336766710703682,0.0021840832147867477,0.005759059202604265,0.0031295758396622524,0.007417387319074634,0.002801135210199885,0.009898416159995888
1305031541.507656.png,0.032302102435438566,10,0.958711023443182,1.0172467093924955,0.0018127911887850844,0.0026137619626918898,0.005028268723917104,0.014087567556717154,0.008232485767311754,0.019557192929399718,0.005949911751587139,0.02546992691100276
1305031541.543489.png,0.03799701077019946,12,0.9292426467440605,0.8717705637762361,0.003012912682568489,0.0027121991005322706,0.0021714851142963154,0.01842137175605289,0.019884072882505814,0.015237641041157633,0.004598805757511464,0.031095160335182028
1305031541.575608.png,0.031048030151166587,23,0.9621071434700127,0.9244802433810954,0.0010220119064902177,0.001256544279297864,0.0013190527854510022,0.006038010831542345,0.004838092102841486,0.005794053836668053,0.0020888542585948897,0.009666217970830558
1305031541.607431.png,0.05873094153230068,10,0.9561629128065343,0.930100823547448,0.0037316969144082675,0.003989913108522294,0.002918116643207178,0.02246021942734054,0.020846548804027143,0.015397500569561982,0.006193575156395937,0.03429465085917383
1305031541.643543.png,0.0475686735177375,22,0.9524577216850268,0.9361265632108718,0.0018469708165899737,0.0019529138451893603,0.0017427579543584529,0.01076347360982393,0.009857809772845701,0.007305578239810413,0.0032034948059185275,0.016321772302203576
1305031541.675424.png,0.04120959873256936,18,0.9615999502356082,0.9287194869779076,0.0017463960072596884,0.001726778403331488,0.0018118017587876827,0.010335888333212983,0.01019523996274135,0.011090712153202426,0.003051931893330971,0.018269575846190805
1305031541.707418.png,0.05393043715285474,20,0.9522319522081913,0.996112052824409,0.00220393557906835,0.0022186554662572255,0.0017544707790603505,0.01182235938679205,0.01085604854438352,0.00985975765380045,0.0035857958432143127,0.018837112105101413
1305031541.743439.png,0.0719279161055958,16,0.9686348173736605,0.9120334939151431,0.0030164819695483757,0.002955742703378564,0.002048996228295422,0.015118981820065925,0.014566523779525295,0.013552066354346219,0.004694034932204376,0.02498851193583889
1305031541.775415.png,0.06765917966036453,10,0.9455380985229477,0.9844690385088513,0.0025789183710592475,0.005114243481073017,0.003496623821743126,0.024631598100317856,0.011476609335305117,0.02556550032160931,0.006710639649024989,0.0373098243563944
1305031541.807470.png,0.050020262227398006,14,0.9437039924948698,0.9522934232963758,0.0024604602458928758,0.0017570999800310748,0.0018848771082756277,0.009029214873892848,0.011502362755030245,0.009926894137091545,0.0035628677599296226,0.017674113765511902
1305031541.843441.png,0.00939746004899552,16,0.9372839022872663,0.9329932162667057,0.0016762517798835426,0.001417021006072931,0.0013980185648638781,0.007839707082918325,0.007578301226183919,0.00824332415078639,0.0026023497975711765,0.013669091033264743
1305031541.875438.png,0.04165868453086389,12,0.9601139935828349,0.8663302721843612,0.002092984020575249,0.0016888805289285407,0.0011564856599556568,0.0092047311703252,0.010030343483949966,0.006199813216136687,0.002927517486379945,0.014959029054018079
1305031541.907570.png,0.04680966146674969,13,0.9838000714750089,0.9276583148733825,0.0032321683829302935,0.0029822636754548095,0.002554082448400426,0.013676677280206237,0.014126147954979316,0.010398693844148136,0.005085680508917029,0.022242580586280904
1305031541.943524.png,0.0497622905178024,17,0.9798481804978202,0.9013087468235185,0.002358362882149623,0.0018026796214810168,0.0015625405068510076,0.008311430729067029,0.010169999097793068,0.007106188076319282,0.0033545584116473843,0.01493340789603009
1305031541.975524.png,0.030760264963140653,20,0.9633788609842415,0.8956048121375361,0.002251699207299278,0.0016484937576733841,0.001231675237013684,0.00835874353767586,0.010180812910786406,0.00589683305569907,0.0030503614341112146,0.014432261955073375
1305031542.007694.png,0.08607667634381179,8,0.9889888360405241,0.909323416330158,0.0033921022666803242,0.002148036052500338,0.0019891722435766796,0.009667879226109215,0.014110086988322595,0.010313990407833656,0.004480761418004189,0.019973503490413227
1305031542.043489.png,0.01956261075105253,21,0.9476066247341887,0.8894466402166282,0.003685056284573478,0.0028510319139058533,0.0020003339565059963,0.01166928120332508,0.015118727952907482,0.006613682716203359,0.005070439698106575,0.02021110728750182
1305031542.075555.png,0.030451992375695985,25,0.9794611230688465,0.9211177886392392,0.0020458515265819413,0.001633345166658713,0.0015757925710440125,0.006512683186257059,0.008161762359339571,0.006651337973135664,0.0030555600352836364,0.012380214211707489
1305031542.107416.png,0.02127247802708387,32,0.9742409252348556,0.8967815858830599,0.002286934738226775,0.0019701611725036526,0.0014427222442486638,0.008011031567135053,0.009222109144916482,0.005338804521269516,0.0033456020409784602,0.01333141993812791
1305031542.143525.png,0.035924994397489265,25,0.972271185555349,0.9171510635181224,0.0031279986365845215,0.0030377782034859712,0.002246973256939758,0.012303348435886154,0.013018015674851514,0.008334915569196548,0.004905238088151435,0.019756313734883263
1305031542.175524.png,0.023365548293067712,26,0.9710681726008684,0.8828709457211509,0.0020616062935763803,0.0020317148747749595,0.001697239161797995,0.008373407176084632,0.008480595191960668,0.006718374219980677,0.0033553996206765494,0.013681045088227472
1305031542.207368.png,0.024844875693412857,29,0.9703646718000913,0.8892733615530659,0.0016943559446857782,0.0014539231502481266,0.0011559254411221912,0.005745861763688698,0.006521942169519341,0.005090279733113266,0.0025141396579253517,0.010072815139340049
1305031542.244091.png,0.025961823850091777,25,0.9909548840637181,0.8835272715988007,0.002145243682158432,0.001963247693232783,0.0014615174619092737,0.007818433232485619,0.008415799891857811,0.005021959871725919,0.0032546037012653683,0.012536892237865607
1305031542.275425.png,0.013127618609676537,34,0.976359006308894,0.8834819720487024,0.0020362383268305866,0.002052678140691886,0.001431298277410028,0.00811227139251959,0.007724110159684218,0.004582214669916289,0.0032262003706907357,0.012102376468529838
1305031542.307528.png,0.022825152162503498,24,0.9938715107743518,0.8478627128874048,0.002054127408479367,0.0016656536789136775,0.001300481266079397,0.006675225569455498,0.007974475141724852,0.006047460642215282,0.002947048203163345,0.012030073582827453
1305031542.343479.png,0.020206860799646943,38,0.9787442753256514,0.8685538176625429,0.0017772781880499983,0.0017515117219622017,0.0011270782155896996,0.006924853765026512,0.006951736400073185,0.004458489964101618,0.002738031477895414,0.010777679314356092
1305031542.375553.png,0.016437290135828057,33,0.9730958033087768,0.8930746182534294,0.002046558495825538,0.0021252691190012107,0.0015701797632318131,0.007952472988807583,0.007560408579144496,0.006755746779800094,0.0033422499897342484,0.012885717639079914
1305031542.407482.png,0.0400800238236539,27,0.9879756575928246,0.8779763814133827,0.0023828249888326112,0.0024459604156677243,0.0015562296567382121,0.009211166952236186,0.0087702205160802,0.006520456012991405,0.0037526561295874276,0.014292610368298642
1305031542.443447.png,0.01671782034284227,36,0.98503758685055,0.8601355739438721,0.0014732185757098022,0.0013959733383001125,0.001104749409734617,0.005203947248888578,0.005395544959171748,0.004214817099781919,0.0023107543771180364,0.008599863694284504
1305031542.475446.png,0.01538843424901525,40,0.9745745094384194,0.8272829196883201,0.0016720162896377456,0.0015903542102241265,0.0010756599507070175,0.005673601147442503,0.0057336831509145056,0.003163199365245183,0.002545959409799497,0.008664335097376446
1305031542.507447.png,0.020163407530781538,45,0.9842987466875809,0.8392017383108253,0.0014336471436430698,0.0013400819777394561,0.0009890275547456277,0.004984807354620899,0.005157016173176749,0.00399128996483162,0.0021975757879045127,0.008208137167253894
1305031542.543425.png,0.025968208677038966,38,0.9767122288893513,0.8364635095788403,0.0015475505644396007,0.0017419416751430865,0.001112198856713271,0.006446776238615666,0.005563091709002358,0.0039788659096024175,0.002581910115780938,0.009398951386199771
1305031542.575428.png,0.02873178384358511,44,0.9759560824189005,0.8577129304672091,0.0017408192842716045,0.001650487186508051,0.0011222734162604534,0.005884526866560641,0.006107703904634273,0.004116325007297509,0.002648406568894601,0.00942739810317044
1305031542.607410.png,0.02807785218180234,47,0.9949704544769812,0.8311035015306277,0.0015883195540395082,0.0016430553282539505,0.0010986079491921979,0.005849286305672793,0.005490218140841669,0.003498870112023452,0.0025356122028962246,0.00875207047392611
1305031542.643424.png,0.022127667582152625,35,0.9921385172106953,0.8067810461885969,0.0016521908079363968,0.0017095951412123601,0.0012203113879968217,0.006179100931573284,0.005745867738862788,0.004131348125602099,0.002672379070484044,0.009394909351877216
1305031542.675341.png,0.01947611378089039,48,0.9761274868617592,0.8445816400063847,0.0013818545070550794,0.0014114485491714963,0.0009867321690093715,0.005116545850213107,0.004978415844992232,0.004000243924591474,0.0022080193067508937,0.008183252239741465
1305031542.707362.png,0.022400208071936538,38,0.9789868125393941,0.8392021709470938,0.0016998636017812093,0.0016179697404701632,0.0012096288348475619,0.005865052870120509,0.006122386920242923,0.004233576474724097,0.0026401826194095636,0.009476583589976282
1305031542.743855.png,0.021853657812570322,37,0.9917968740256324,0.8438291844709213,0.0014427713705844904,0.0017326005086999935,0.001413015762481697,0.006078316706144415,0.00511453747624244,0.004435449764404735,0.002660847101121644,0.0090982219245653
1305031542.775624.png,0.02395296464569801,48,0.9924465360319371,0.8054280005988529,0.001347275499059177,0.0014312197491119772,0.0012278500356754207,0.005071287709872925,0.0045187156575542285,0.00391422549660509,0.0023175756623509485,0.007839509644640237
1305031542.807676.png,0.02051946735591223,45,0.9755248583397637,0.8786823275610053,0.0014126367063648302,0.0014792278920519439,0.0012706729091367709,0.005106324910972253,0.005010932328093662,0.004895979706289645,0.002407959148907601,0.008669176095659262
1305031542.843453.png,0.012528925064734443,30,0.972336895005741,0.9049264008419396,0.0018227357569912401,0.0018594767534167958,0.0017819930171617386,0.006562639183696519,0.006680436532972731,0.007176589871142532,0.0031552366867677443,0.011798301043160883
1305031542.875473.png,0.016843200808036113,44,0.9869092271452305,0.8115648630863531,0.001124075501423957,0.0011643422016495582,0.0010281521428581529,0.004218372226663983,0.004179656271346265,0.003921296883360105,0.0019173771992770418,0.007116232151689817
1305031542.907374.png,0.016866107904575683,50,0.9820169776763111,0.8231344902320618,0.0010613859525571178,0.000943886325727144,0.0007653166371924876,0.00357817546004975,0.003811282456680825,0.002922232174463812,0.0016134345637006439,0.005989044537234363
1305031542.943449.png,0.02230829668877135,58,0.9918071086522354,0.7801432161755127,0.0011219666347830736,0.0009305561043724799,0.0007357039284199883,0.0033360272068354816,0.003825870229439397,0.0026788722770690935,0.0016327902692152303,0.005739574654458862
1305031542.975416.png,0.022571040234072196,54,0.9846708608727177,0.7720032179082449,0.0011031030658141814,0.0011244436677467903,0.0008964172133687896,0.0038385797588121645,0.0035938517954097514,0.0025559075841040013,0.0018123944813887417,0.005846633977821145
1305031543.007462.png,0.02734158416727999,55,0.9596901133409467,0.8320025559434929,0.0009704056330531342,0.00113028097819051,0.0008807517112119554,0.004071579976482446,0.003304047009349681,0.002682011791025874,0.001730591158859694,0.00588962455442511
1305031543.043546.png,0.028823306932869677,47,0.957324971652412,0.8969094821462206,0.0015444162526941445,0.0013378856848577385,0.0011073359095053405,0.0044006701301009055,0.004669568938996495,0.0034337742607787533,0.0023240809976877103,0.007277470531990483
1305031543.075465.png,0.02146213539879464,49,0.989453647341771,0.8571766972075417,0.0010528686304119444,0.0010947779807939258,0.0009362039499682363,0.004274887750222598,0.003943655053086061,0.003400557087598385,0.0017842502672195054,0.006737274594429862
1305031543.107471.png,0.02515910627194261,38,0.965511327873954,0.8454979388204031,0.0011614845166158052,0.0012826293676073749,0.0010432019650789734,0.004593338657831149,0.003979795284957334,0.003467748750961607,0.002020508529289539,0.006997343205495245
1305031543.143424.png,0.0243436800718395,42,0.9504717885721657,0.8695168188574172,0.0011075454646588842,0.0010553293775998243,0.0008684173784202497,0.0038423671104155107,0.0038018017198857856,0.003353724231852162,0.0017591264294114835,0.006361206454112437
1305031543.175587.png,0.028343521057846623,46,0.97158695563018,0.8924534319292696,0.0013446962287907288,0.0011306779591958892,0.0007272338694166011,0.004094866045388376,0.004438503564075803,0.00249404810653872,0.001901449367183368,0.006533645060432776
1305031543.207464.png,0.033225290857388616,43,0.9553008721099486,0.8887271727909257,0.001369325359603761,0.0011858284385053992,0.000981841838183001,0.004030711444969265,0.004345953095293745,0.0031541894327269276,0.00206040151942011,0.006714376667764903
1305031543.243490.png,0.03186212828333507,44,0.9505417761325341,0.894662026316071,0.0014506576143051024,0.0013024799574086207,0.0010062681198502832,0.004355289070084151,0.004571077574418533,0.00326702565847119,0.002193954667357454,0.007108920433403064
1305031543.275504.png,0.038260861941384706,41,0.9906610190912077,0.8544327588845376,0.001284029086249974,0.001188910268425297,0.0009363303223903332,0.00437500394748111,0.004267581324419525,0.0033554789941973645,0.001984679519048514,0.006972241331272847
1305031543.307391.png,0.0339156548956435,30,0.9816755152488092,0.8742976583711742,0.0018653840774725849,0.001553982502389335,0.0010086643976081433,0.005496817930531533,0.0060738429104424015,0.003358139513698609,0.0026290536778891876,0.008853455599685827
1305031543.343502.png,0.039846383919709086,31,0.9839179705531839,0.8099124715712636,0.0015970755455155272,0.0012766044523707801,0.001104976517976319,0.004613788294407416,0.0054404457549464165,0.004376939510875776,0.0023240788134604403,0.008369175103915012
1305031543.375520.png,0.027043113928558994,32,0.9798983039058572,0.8696452542647546,0.0015333126539865305,0.0013763315385193107,0.0009807787464692662,0.004961674704529914,0.004962344878567019,0.003138935253060619,0.002281942845104578,0.007687392086417803
1305031543.407575.png,0.034422229924411324,30,0.9691954117062038,0.8762768932628316,0.0018060133879864255,0.0014951898801297107,0.0015741963486231234,0.005354422725775478,0.005877412334066599,0.005918294856992406,0.0028240699848351633,0.009911610993438041
1305031543.443593.png,0.034464938243525645,24,0.9814642468584012,0.8449912583348863,0.0022600294173297916,0.0017057702951497845,0.0011536064324590156,0.006152678110934038,0.006896701124143939,0.003559766226761012,0.003057481491035103,0.009904133981410159
1305031543.475420.png,0.040661591684474335,24,0.9743819013223143,0.8890852959858203,0.0014217271060333958,0.0012087679636921657,0.0011086132462586474,0.004780125693104468,0.004829416697225135,0.003811912289534894,0.0021705877738204316,0.00779124781921494
1305031543.507652.png,0.03714325786472247,25,0.9596020293860092,0.8568276609563952,0.002164480408039013,0.0018929057992839841,0.0013830795316139152,0.006764024426181635,0.007042133433565722,0.004051787378132833,0.003190764295982553,0.010571691004362664
1305031543.543433.png,0.03630370546152722,23,0.9560023509187555,0.9181413432721841,0.002124732313279783,0.0019367022792109196,0.0022406525004360625,0.006936443305601121,0.006967653221183002,0.007191645941932606,0.0036449728049885925,0.012181223604244206
1305031543.575393.png,0.03310006252090029,27,0.9334153522014986,0.9532425242836111,0.002145396615598146,0.0018433276741973124,0.0015031510783511152,0.007252287682453811,0.007506573398043277,0.004828552267140253,0.0032031307680189663,0.011500401636716326
1305031543.607524.png,0.04186621018543195,21,0.9618452851390564,0.9237738238574603,0.002256978756687804,0.001743060868415116,0.0018741340720015438,0.00664882337011132,0.00779952311151867,0.006713309491770859,0.0034124174450053985,0.012251854443567025
1305031543.643400.png,0.038175424592715,21,0.965641697957277,0.9472583746293841,0.0028490356120035847,0.0023646474801392527,0.0012893231483565172,0.008768275636022001,0.009563652244909095,0.0037186134067506245,0.003920575953183603,0.013497191839774571
1305031543.675460.png,0.0311997380951394,19,0.9461960168945822,0.9665906892234662,0.0020820838445851603,0.0017287814268399202,0.001482060414398803,0.007010574725050479,0.007445331463541042,0.00468633813090393,0.0030854920887270387,0.011249128128645123
1305031543.707478.png,0.047940940201709886,16,0.9569214587495092,0.942465454011883,0.0030843839041291444,0.001960954383266306,0.001350591752011728,0.007822879263822422,0.01061505112330105,0.004563518636020411,0.0038965195035960474,0.01395358207299987
1305031543.743399.png,0.0396891097219525,15,0.9559292049708173,0.9346311424334999,0.0025224427554032505,0.0018233977864669819,0.0016334039409578757,0.007308162847575993,0.008864030330977806,0.005371901024464147,0.003515039882606704,0.012682176411476995
1305031543.775642.png,0.033885282882261884,13,0.9839943288140736,0.9201212942611166,0.002826395570226036,0.002424255790072394,0.002544937036289056,0.009475946066499444,0.010908302998377264,0.008699342934167497,0.004510236421050299,0.016866036749807665
1305031543.807514.png,0.036579999039681066,17,0.981165725943863,0.8955407631954534,0.0024982118326233463,0.002336425515475756,0.0016190789882266489,0.01046430555672475,0.010695173895248907,0.006389163699316176,0.003784357715668866,0.016269906213951378
1305031543.843406.png,0.045369131781176776,14,0.9673719273387956,0.9091820817964581,0.0028836262863462725,0.002340524095987725,0.002300060995032432,0.009016260265832785,0.011138189840275106,0.011534273893216693,0.004368481908406619,0.01839542596253163
1305031543.875410.png,0.031192722354078595,12,0.9140625911228386,0.9962968025566875,0.003960949542023742,0.0034097712648847372,0.0037215639985613783,0.013202044383006444,0.015388861322547402,0.016917675007105965,0.006416050182836782,0.026406793753531024
1305031543.907459.png,0.04224025064260644,14,0.9420173992750576,0.9184385002458854,0.003200067434849554,0.003067553415475911,0.0028080122474628995,0.014195650928086685,0.015354374921419792,0.011001000996184146,0.005247403960653704,0.02362827453322942
1305031543.943413.png,0.028052096098465044,16,0.9640210402400573,0.8540946103005502,0.0027488166025933835,0.002425998403514161,0.0021416343837818356,0.01054773012379777,0.011816134062192703,0.010896752737482793,0.00424594616102735,0.019225370091678868
1305031543.975473.png,0.037488349331048276,13,0.9898989642199714,0.8698225237830501,0.002726570100709886,0.0024922243485720145,0.0024813938040822623,0.010000568187788097,0.01187066907882695,0.01324426232654206,0.004450020441373069,0.02040427977243693
1305031544.007491.png,0.026534827484091392,20,0.9675579848614706,0.8631928703325491,0.0020382452749224352,0.0020268108668798288,0.0019296837863595063,0.009170501683111223,0.009673890322085852,0.00808515770321893,0.003462092662853575,0.015590126047265061
1305031544.043491.png,0.03454544155653331,10,0.9853814392248006,0.9093184980002821,0.0036435404537894438,0.003049555778999428,0.0016585756613451046,0.015266681321470861,0.015979642016990914,0.006692026821416822,0.005032499449779935,0.023091204830867764
1305031544.075509.png,0.058208124424679146,11,0.9156108335142492,0.9825815423641195,0.006829926369085789,0.0029470142345379116,0.0018638490845650957,0.012344563752917818,0.025552246397196793,0.005042655191961918,0.007668554004226391,0.028822455162215613
1305031544.107376.png,0.032179771166925726,11,0.9612440476593324,0.869137725298562,0.0033175000511512748,0.0026159463668329994,0.0015470383379555756,0.013372752981339633,0.015030144191388883,0.006125500650625348,0.004499145430261154,0.021029919518026706
1305031544.143795.png,0.03276806919013085,12,0.9952674405388188,0.8578080338273594,0.0034694456878595586,0.0029126365210188692,0.00347352621131116,0.012488826172038198,0.015468188645047546,0.01714689017667807,0.005708405138499356,0.026253599407418844
1305031544.175829.png,0.04275539463101704,12,0.9483775408731313,0.9611442758260457,0.0032171253049023234,0.002738629783712618,0.003248675140453731,0.01237273947877925,0.015932607095510885,0.016324294867383037,0.005329528918007928,0.02595024574039588
1305031544.207354.png,0.15646079722394646,10,0.9758826717252601,0.9715668969370732,0.003040842536279607,0.002482890405774515,0.003745776853939705,0.011155255018066105,0.015235392131693474,0.019020009345814836,0.005426077067001994,0.02680144853248496
1305031544.243427.png,0.06251377036413427,14,0.9626731888587555,0.9866634149720556,0.005874567600994337,0.0032030469668731017,0.0021111791377117035,0.01704064006126218,0.02691758480277197,0.0095803810652039,0.007016204937297404,0.033267453865098114
1305031544.275540.png,0.06580924264141136,7,0.9857215775050937,0.9225214607375701,0.004569838853988834,0.0030233380788834705,0.0024179610776270642,0.015010916109331572,0.02042269351168893,0.009515695179854447,0.005989201621549587,0.027073279584669388
1305031544.307370.png,0.05634652232849762,11,0.9730031431089685,0.9388070288305062,0.0041890782268345994,0.0034627335542553256,0.0022568371802087024,0.01867526339169235,0.020849807312564573,0.00911034523293421,0.005884914112905795,0.02943600377061062
1305031544.343409.png,0.03595521683170148,8,0.967283726217339,0.9827890956072985,0.005226565996860107,0.004901220157923085,0.002207774692822664,0.030254098469575087,0.027884690425631253,0.010386163802619287,0.007497547615736367,0.04243511320681113
1305031544.375459.png,0.08338098102211343,8,0.9519674610878869,0.9228287537352597,0.007164938805567928,0.0064079341071159165,0.0024925398033100623,0.03497219466550396,0.0360850077692965,0.01086207125877742,0.009930293161823452,0.05141173774015863
1305031544.407333.png,0.18275621466870234,8,0.9470944451309914,1.0206687611766343,0.014174792505756888,0.007219913650486069,0.012785075582696316,0.034750588676628565,0.06360918720138531,0.08040051463920693,0.02040857793568661,0.10824959521421978
1305031544.443375.png,0.14828520097205014,7,0.9834997182072478,0.8897628940588754,0.004735412491215938,0.004162997273102832,0.005771606995999486,0.01943565990992729,0.018721713114119156,0.02077419595830275,0.008547872546668894,0.034056051382620654
1305031544.507367.png,0.09599708804570148,11,0.9829453237544008,0.8433710173654307,0.005299095990257688,0.006125364363761774,0.004075268658014406,0.027388169422354704,0.02647927763797901,0.018570931417063903,0.009066880474441158,0.042380932767390474
1305031544.543416.png,0.05772555780272367,8,0.9404300294540846,0.9764303813577955,0.004746674580189195,0.002501849925296525,0.0017234184129142109,0.012405968905546785,0.0222118148161769,0.008605944506374674,0.0056356316101118815,0.026857681634130857
1305031544.575497.png,0.07778900393246814,10,0.9275116552927918,0.8849149478246027,0.00378415374907248,0.003381697847943524,0.003454143503569272,0.016333795568660377,0.01790889378649207,0.0137751057765192,0.0061389581587314125,0.027879650167979806
1305031544.607409.png,0.10216874412113855,18,0.9421450172435484,0.9332175866710897,0.0035851304113836023,0.0021504722247141887,0.0016288781410533776,0.010532895777605489,0.01627831584110228,0.0077671804545841735,0.004486751035470573,0.02088670755046509
1305031544.643444.png,0.03207300058373859,12,0.9267563309322724,0.8912064210912493,0.0035558137528400803,0.0021291298291794903,0.0013853489476294324,0.010868011233600944,0.016844012698388925,0.006777862709988199,0.004369919562313077,0.021160667637686016
1305031544.675586.png,0.04410400405771588,10,0.9826081383275698,0.9114279701511387,0.005789744098386723,0.0026108161951730845,0.0021347031770954325,0.012609703838758576,0.026598376656111464,0.010742253439674476,0.006700332498024503,0.031334873234206265
1305031544.707411.png,0.05918206035899662,8,0.9932807469066293,0.8392093765368637,0.004398990254056131,0.0024212057251244306,0.0017369064477900779,0.01279956955581844,0.0216758407874413,0.011390293075868594,0.005313209616327112,0.02762987207735349
1305031544.743438.png,0.0757469986753747,7,0.9621330387969724,0.9334491934216368,0.01358126359734693,0.0073731374301327975,0.004218310346088825,0.03341234081868845,0.058983801928384844,0.01712293279151089,0.016018989313941318,0.06991901198024561
1305031544.775418.png,0.06906364786235115,10,0.9823011881040861,0.9550908392565478,0.0047121559272081505,0.004198118671820808,0.0033015575419046025,0.019060291976017604,0.02052584527644685,0.01140019251858361,0.00712242206468562,0.030241849215688617
1305031544.807397.png,0.092013026115145,9,0.9181635387373244,0.9836221386030944,0.006765353255864435,0.0042480075581545,0.003816312827198745,0.019939084940359366,0.027822664771048083,0.010627061697254246,0.008853237627321145,0.03584134795928069
1305031544.843491.png,0.0831381215325018,8,0.9416511396498095,0.9993153434215922,0.005633880429794427,0.004705274691326579,0.003518892735704757,0.025179057637292557,0.02916943096335734,0.021232759303865475,0.00814019807519785,0.0439962579531948
1305031544.875360.png,0.10593210659745662,11,0.9530132455728101,0.9278665874450269,0.006525015630829,0.004216398797213784,0.0023580098190047116,0.01802550134959016,0.025882636368469488,0.008153912845974824,0.008118747323708951,0.03257784306835321
1305031544.907423.png,0.0676449219005585,12,0.9865809997601812,0.8943036869386735,0.0037623425634092053,0.004209467981768645,0.0029630389491014505,0.01838922457005427,0.017557274687502393,0.01428233543512504,0.006376083599504336,0.029161731433879713
1305031544.943434.png,0.056908591024425775,14,0.9574724268034988,0.9105327498597554,0.002785275966366657,0.0032193444388469187,0.0021370387875527053,0.01469046067833775,0.012795840271050747,0.008597452723783034,0.004763284119623669,0.021294585145564964
1305031544.975537.png,0.07433751237146204,10,0.9590690969566257,0.9606886826447288,0.00441193266815681,0.004770263385624343,0.002584931729765998,0.020562596566184164,0.019063885414017254,0.011386782735365135,0.0069930275763883925,0.030264020315959976
1305031545.007393.png,0.03407878082485366,12,0.9544049981152329,0.9230842647958205,0.004162472668673584,0.003994724772139095,0.002445809098507806,0.01734200722373252,0.018239584954727273,0.010546946032153696,0.006266257804219349,0.02728856435347721
1305031545.043477.png,0.05617673709085491,10,0.8679595542399389,1.0488640025379699,0.004067944726995041,0.004224573207183474,0.0027693763797771486,0.0180976742529017,0.01773826874154492,0.011626969094967698,0.006485725758741793,0.027881147782090047
1305031545.075369.png,0.12139801893189414,10,0.97971087663895,0.9644458405216625,0.0047692848471238,0.0054029546822921435,0.004233692218837373,0.023674652898183195,0.02173053683518186,0.015600884499417253,0.008358357916226812,0.035722444179518385
1305031545.107399.png,0.08397182666889963,9,0.9897628286755277,0.9567278031541869,0.0063598439046149615,0.006221726626107378,0.0047835477038792725,0.02621169136788869,0.02640468440105669,0.01643762656293265,0.010101476393892639,0.04067500079541838
1305031545.144171.png,0.1143605789889064,6,0.8538551897116494,1.1476348536538645,0.00865280728882422,0.009057458631270596,0.008461220092290285,0.03770872086532278,0.038108853438736386,0.020966209797374298,0.015116245442730962,0.057565738881572896
1305031545.175406.png,0.12040202291013019,6,0.898651013227298,0.9459814829735725,0.02954711295028038,0.015873534500233908,0.00631620848041721,0.06081785590080171,0.10757242444794374,0.030881471732128914,0.03413056505238138,0.12737465758274494
1305031545.207577.png,0.1154939444130055,11,0.9473935540193765,0.9732998532617523,0.003226757187798623,0.0038693443040824886,0.002296727836981423,0.015375970683351076,0.01283330868373653,0.010267025052138109,0.005537034048090281,0.022506134489258048
1305031545.243483.png,0.061678958915254316,10,0.9491469480143323,0.9848912021648024,0.005234627015697365,0.004218006577006256,0.0022891779346126324,0.019335758357629743,0.021834199392159876,0.00818874932352152,0.00710163608568153,0.030292894048682725
1305031545.275369.png,0.09537939851456038,10,0.9338033498472983,0.9541080755435992,0.004624328152514158,0.0031559822243665916,0.0018254684774125902,0.014482498095683105,0.019496281372878795,0.007156401468150558,0.005888715464741011,0.025319198653102608
1305031545.307451.png,0.038085533248238906,10,0.8841580780775733,1.049218243744355,0.005585075218926009,0.003927014108351215,0.001963633259121099,0.019278656645537687,0.025407725880305702,0.008916518162930025,0.007104249473700755,0.033116814952757034
1305031545.343494.png,0.05963058174112673,8,0.9043863621441799,1.044523310183412,0.008259305729880463,0.0072922406153045904,0.0029059504258193867,0.031239904557255414,0.03311674375288988,0.010493424964133675,0.011394623829177249,0.0467200419629403
1305031545.444180.png,0.07501099147665415,8,0.853700288568206,1.0203786519706448,0.006522389579142298,0.0035259390628958527,0.002521883270344532,0.017030360048013685,0.02862226974406088,0.008579296285220871,0.007831583960260053,0.03439290353279828
1305031545.875537.png,0.17197910871292188,7,0.9364169108817213,0.8647022843722538,0.002005578223684606,0.0025008412844745114,0.0026091156857282823,0.012629713354223223,0.010269566188769326,0.009274416376191606,0.004133283900600512,0.018734685698840254
1305031546.075414.png,0.06947719551504476,9,0.9511410085419979,1.0059059516473483,0.004035785002252414,0.004048691499647899,0.0019709819765568143,0.016313874031418894,0.01498503606302899,0.00653342542291884,0.0060468366437037525,0.023095008973371828
1305031546.107395.png,0.04263577291756653,10,0.9683058503125238,0.9116232294835367,0.0032732774564025865,0.0032392571882821075,0.002821092446488473,0.01319596489661234,0.012640396555976504,0.007459778677500374,0.005400527291854473,0.019737310165325393
1305031546.143502.png,0.04915498293033277,11,0.9931196881156162,0.8422372225591913,0.0028082384891623792,0.002367887503144672,0.001404059283052631,0.009436546114124065,0.010496060689148488,0.005025615680574292,0.003932489937671549,0.014982406533101164
1305031546.175952.png,0.08830670052205013,8,0.9911707591157637,0.8810600276475438,0.006696512520424357,0.0072150941316067325,0.006295246461696561,0.025710830433556188,0.025300412107751174,0.011318779927868058,0.011684647674519294,0.03780571958659999
1305031546.207500.png,0.056280349631433906,16,0.9493710869571302,0.9228346491161962,0.0027855534931431197,0.0032499203823025073,0.0015726181266848863,0.011615573361243676,0.009412753664781384,0.004626425386826883,0.004560089749867319,0.015650089070806127
1305031546.243551.png,0.03622891423720781,18,0.9666888820648994,0.9661082386653255,0.005439525593529172,0.0029655994248872527,0.0017114739776675628,0.00987444971593805,0.01690292293750964,0.004675686599589457,0.006427469315973724,0.020126490161018116
1305031546.276098.png,0.06341794863847842,19,0.8993765359500732,1.0507627107311872,0.0033712340377435915,0.0024754736145076875,0.0018090378099725048,0.008358973093389059,0.010926303993694467,0.005827109173392961,0.004556951431744125,0.014940272803977386
1305031546.308110.png,0.05856016808009576,17,0.9739765555801541,0.945085378836457,0.0034197605652843367,0.0033746439396435844,0.0026854914211098843,0.010675491665462033,0.011296681859868818,0.007510515069099928,0.005504075600507483,0.017262357311375976
1305031546.343919.png,0.05083581153516399,19,0.9646650710108734,0.9320472726259516,0.00294736841878681,0.0028337178955040484,0.002210424700170563,0.009075112625008683,0.00941722315063096,0.006418053223970743,0.0046478936156592356,0.014568224607380713
1305031546.376056.png,0.044090924620987716,22,0.919118103355219,0.9713053992136967,0.0025883452667937986,0.002364498258532477,0.0016122371129814912,0.007600855770365195,0.008189843988105927,0.005246135918357223,0.0038587163336026493,0.012343763407700525
1305031546.407659.png,0.053200597292632046,28,0.9282936086950687,0.9567085858718167,0.0021267132180282453,0.0018441144640613217,0.0014043129371751808,0.005786533038955325,0.006479182668475809,0.003763433531364066,0.0031457530249232556,0.009467164549504475
1305031546.443968.png,0.04793686611949788,24,0.9780898816115217,0.924925527490922,0.0018842499066140613,0.0019263065225125133,0.0011597600812997017,0.006171239484457527,0.005747430391141462,0.0035963165272320592,0.0029336151716654385,0.0091679139088228
1305031546.475996.png,0.04982767908932719,17,0.972068232272329,0.8901261744154657,0.0024893526001120913,0.0027620702489632356,0.00170169375720757,0.008427510219613934,0.007529436085481177,0.005887560543804649,0.004089213869585678,0.012742790331164077
1305031546.507967.png,0.033597478030574994,18,0.9469361366322006,0.9210825105716596,0.0031265951958044935,0.00247937917241745,0.0011179035631573777,0.008152931282152259,0.009355097263346192,0.0036757343270218874,0.004143986845486498,0.012942146504386793
1305031546.544068.png,0.04090263585027051,21,0.9443626480741374,0.9364461653505349,0.003654194243259267,0.0025713924521852515,0.0011676265016238216,0.008162444132130785,0.010699763195459715,0.003613075370734788,0.004618283919154249,0.013934300853780964
1305031546.576412.png,0.040024609428739026,18,0.9843046396858021,0.9344420314025097,0.0033071333330836465,0.0032554004212279877,0.00172183130932406,0.009602467340505402,0.009488322326210831,0.005847312964839925,0.004949693510015838,0.014711448212202933
1305031546.607717.png,0.045596039937629104,20,0.9797029559189344,0.9389786608919515,0.0034189161007777383,0.002435568242209323,0.0017007838854230378,0.0074864660734115405,0.009845454252596872,0.006845926663832213,0.004529199243964716,0.014136720114470992
1305031546.644200.png,0.05704815424247542,17,0.9249779276348601,0.9627315326327384,0.0044635687494080254,0.004553061928223775,0.002507540392241356,0.01251143020309019,0.011998607286598021,0.008684028855757758,0.006851392392912163,0.01938852288629626
1305031546.676003.png,0.04262943425487182,18,0.96077149794997,0.9435073833554504,0.0037770468933269836,0.0025998803177572443,0.0015144462155630214,0.007714339798138899,0.01015814624973514,0.006147157514244922,0.004828975899803776,0.014159326228924017
1305031546.707934.png,0.03673805541126227,20,0.9249652326385593,1.0139554308238474,0.005110718800299904,0.003431329345098386,0.0014245755918272393,0.009611806027045672,0.013405372019338923,0.0049895843604983794,0.0063184557723467635,0.01723330398295569
1305031546.743887.png,0.07774339969338687,13,0.9141302285470237,1.0559940674907615,0.006004043583251416,0.004527026780846477,0.0021381147038459784,0.012179768260094091,0.015116235811209413,0.0083129516428779,0.007817547269501226,0.021117587574969628
1305031546.775864.png,0.04247911666959519,15,0.9747198421060393,0.9960893367117871,0.005992970327754211,0.005298016636677109,0.0021365173218054773,0.014236799014370726,0.015064054845137457,0.006820501491222021,0.008279455289946596,0.02182043618135665
1305031546.807996.png,0.05338207229115982,14,0.9272425586077805,0.9985082735624192,0.005078366044358267,0.0031771984751469097,0.001978421808331142,0.008848055428587147,0.01261558760722894,0.008480361438746021,0.006308608775526276,0.017588566333695006
1305031546.844079.png,0.043190112651723477,9,0.9711820053148197,0.9791769385649852,0.007518348521154552,0.00566315598247925,0.0030485412000477875,0.014583386326428105,0.018081451829530644,0.01263813956176869,0.009893962988399854,0.02644497359787357
1305031546.876064.png,0.04177394561634936,11,0.9214482042860613,0.9198094972036053,0.004635457266195356,0.0032855477974701947,0.0021523261540285954,0.007834176523569323,0.010484712766276513,0.009201361811271331,0.006075754790106336,0.0159990181816163
1305031546.907783.png,0.06607551042435125,14,0.927694319657526,0.9979721056501355,0.004882981792537729,0.003921603083612277,0.001670220964238338,0.009937886014386475,0.011395480664022689,0.005837388311912782,0.006481675709338869,0.016207827130837408
1305031546.943858.png,0.03355362348928792,13,0.9288962628889487,1.005527547850763,0.006422218462015992,0.004348130763210962,0.0017777166897881133,0.011483057585902933,0.015300212244007847,0.0070831524565022,0.007956846595039507,0.02039921946925675
1305031546.975884.png,0.06023598875907276,16,0.9417349958055978,0.9803968073629953,0.005015759503880354,0.004171554405337929,0.002282751467484485,0.010629837309373707,0.011884925373967828,0.00973055335943064,0.006911632500340491,0.01867962957473366
1305031547.011984.png,0.061863310631688775,20,0.9263002609200829,1.0307084532158954,0.005202185475624452,0.0067442793587295016,0.001931246585128395,0.01622071669832105,0.01183103432569783,0.006439170890882681,0.00873371348075679,0.02108430566049123
1305031547.044214.png,0.040444934036729524,13,0.9768587158220683,0.9387108364394747,0.00614832691133316,0.007469117111841344,0.0020312366635177772,0.018255380254118957,0.01409196041869901,0.005127931881866939,0.009885117936688644,0.023624943217915327
1305031547.076346.png,0.07497264036504754,10,0.9547910733463449,0.9376266544256792,0.006224710323688502,0.005942649543038627,0.0026553236547139894,0.014231237091568073,0.014146488997555981,0.008804455510473281,0.009006267035597771,0.02191277474329298
1305031547.111991.png,0.04391872423909953,17,0.9061404229256441,1.023312991111084,0.004374656402692485,0.003441216408037062,0.0018487105263704357,0.008665375943220777,0.010376505013790373,0.0069522948818312065,0.005864922814400434,0.015201809124656924
1305031547.144071.png,0.04200423072486854,18,0.9393649028616551,0.9583305611657784,0.004328660252010212,0.003509419586216111,0.0018024927359929497,0.008969736537176807,0.010382259910122149,0.006148925071197483,0.005856817008645372,0.015035184532252843
1305031547.175909.png,0.04422967516161091,18,0.956849194955104,0.8645053139877562,0.0044576954490536305,0.0036622572848088943,0.0024312137898194115,0.008158562910735927,0.009705872777167446,0.008790056028106175,0.006260509374520362,0.015428259788849865
1305031547.211964.png,0.07651295238888703,13,0.9390203905173011,1.0060351668627552,0.007521060645848046,0.005480642784074177,0.0028076014008469974,0.013434882345252166,0.01754011332195269,0.01066999820361348,0.00972041275827249,0.024535698495107602
1305031547.244113.png,0.046816704159081464,13,0.9172392987936825,1.0122225158173253,0.005017598415818284,0.0035390087107403704,0.0019034772322698765,0.009085569319898236,0.01194269454745244,0.005890896836719168,0.006428382540802015,0.016120737838613165
1305031547.276546.png,0.05350902238407991,15,0.9678984014293756,0.9018139114336632,0.0036617752904501964,0.0033956866594609353,0.0013727357607251408,0.008792314961309005,0.009085713272866685,0.004194132534690744,0.005179159163007661,0.013320875938696953
1305031547.312261.png,0.05758241333208102,15,0.9661565416770992,0.9673407167807843,0.0041461196970085995,0.003296529419810949,0.002121940546829339,0.008109945330053726,0.009877085197951534,0.006840322870953142,0.005706141116541036,0.014495449018327724
1305031547.344192.png,0.04821019168499114,17,0.9705407780103336,0.8452851832000025,0.0027778530733694176,0.0021918508277350094,0.0012212674579732572,0.005730141684930591,0.006631088113234539,0.004147257671894011,0.0037432835789150453,0.00969564848228025
1305031547.376753.png,0.04015180781147685,14,0.9825276244826799,0.9192156216270634,0.004421659671441054,0.0027648322354210278,0.0017599920143548495,0.007655697162683533,0.01094094878258566,0.007250156881466137,0.0055039025636964434,0.015194697565787682
1305031547.412260.png,0.04275120881911944,21,0.9489951558996637,0.9615127424518848,0.002674864859594169,0.002036484960472787,0.0013037535442842728,0.005507532988078893,0.006742390973616447,0.0043292333762349105,0.003605821170767817,0.009722911975421154
1305031547.444472.png,0.04991196925436823,19,0.966681618198117,0.9057733505644171,0.003096107696038688,0.0026935894056426225,0.0013180550352997066,0.00699349979636552,0.007523085665688576,0.003965905103020632,0.004310287209425734,0.011010643061203038
1305031547.476347.png,0.043737938237833486,18,0.9560822171334864,0.9323713363996876,0.0025616214612283854,0.0020111462019559404,0.0012768793642869622,0.005780273171935541,0.0067438607286421535,0.0038688542391472295,0.003498147290668237,0.009688098296016981
1305031547.512114.png,0.04293776000761702,20,0.9214402520403185,0.9478884359853446,0.0034287181129135035,0.0022461401951591052,0.0011885150269874696,0.006228514631953451,0.008668159378287818,0.004119413913290263,0.004267765415707094,0.011441195414678777
1305031547.544015.png,0.046138966406656004,20,0.9561214684548851,0.9004835565301006,0.002851618474444927,0.002126095658428177,0.001296509854665177,0.005465819355497776,0.006924793724834709,0.0045778122625445335,0.003785888069637912,0.009939029855551668
1305031547.576437.png,0.05591391698844178,15,0.8908718812016712,1.020355580087164,0.00634281314227815,0.00508807268361642,0.003287839604348992,0.012884292421470465,0.01657568275804214,0.006995018391586785,0.008770954991079691,0.022128907166777446
1305031547.612296.png,0.05904390531422673,16,0.8837947521359755,1.0388199635327846,0.005163902203445182,0.0037097343081648167,0.0017444382034127082,0.009287371197226372,0.012166922463588147,0.005620850561901062,0.00659326013815979,0.016305926132215223
1305031547.644160.png,0.050231915275149086,18,0.897925872819352,1.0199026163245948,0.005400118353821236,0.003086990137784231,0.0018498942174028587,0.007831494223483436,0.012941611965408236,0.006697845803222305,0.006489444888558236,0.016543239115705082
1305031547.677287.png,0.05446749781524362,15,0.9533668745749709,0.9620008053400325,0.003604942962921166,0.002455600466484581,0.0015977078616675568,0.00675602864344427,0.008921274910142258,0.00541794520857334,0.004645240341268516,0.012433310071597025
1305031547.712338.png,0.047873592953548,16,0.9571222591833921,0.9515217853536321,0.003995591994757878,0.002931156116611447,0.001662030377955763,0.006931078605805603,0.009242071602235393,0.005002704854108051,0.005226736701400762,0.012588994955834175
1305031547.744332.png,0.05282314109432031,22,0.9458718137858922,0.9272038306456373,0.0024902308101559245,0.0020275487361620837,0.0011956225921218025,0.005315220542467465,0.006196823002873001,0.004069200050112593,0.0034266188507265224,0.009121982996686654
1305031547.776390.png,0.043148639011689624,17,0.9427999895492467,0.9161280222094056,0.0027778842215561922,0.0018666990771583024,0.0014458131471079398,0.004888507836649814,0.006805660696447953,0.005476898812930746,0.003645762176745032,0.010010541793092185
1305031547.812317.png,0.05303355632537172,21,0.9236443611835954,0.9884494899045931,0.003155654053842259,0.002986390307043202,0.001720300392310809,0.007351178215983645,0.007723529582156613,0.005043203027616937,0.004672912690530115,0.011795195087295735
1305031547.844564.png,0.04269785163686428,19,0.9335732968456992,0.9613097719317633,0.003155996187702509,0.0023711430517910125,0.0013854210073249295,0.006374879645708534,0.007965292688052959,0.004815268576964267,0.0041835418817536395,0.01128147993713229
1305031547.876362.png,0.050887458578383164,18,0.9461373618554733,0.9754625102562865,0.004045490584238065,0.0022944415336438326,0.0015135575632071196,0.006142226476328821,0.009809456346932095,0.005390691567452036,0.004890941884301036,0.012767612755886655
1305031547.912744.png,0.04437707042729437,21,0.9724250256419783,0.9694020475855125,0.0028716793159534425,0.0026822142547083695,0.001430318736786597,0.007212260697803264,0.007241935805785324,0.004369104077259038,0.004181701458812957,0.011115368146225059
1305031547.944304.png,0.0485965657924035,20,0.8687419435965804,1.0380703575423693,0.0025637592990740065,0.0019272515983320855,0.0014442700513439366,0.004740231671245443,0.006161919571931917,0.004784058409783016,0.003517538407476319,0.009128322078906483
